nome,url,categorie,disponibile,disponibilita_testo,prezzo_eur,prezzo_originale_eur,sconto_pct,termine_testo,base_nutrizionale,calorie_kcal,calorie_kcal_limite,grassi_g,grassi_g_limite,grassi_saturi_g,grassi_saturi_g_limite,carboidrati_g,carboidrati_g_limite,zuccheri_g,zuccheri_g_limite,proteine_g,proteine_g_limite,fibre_g,fibre_g_limite,sale_g,sale_g_limite,proteine_100kcal,fibre_100kcal,rapporto_grassi_proteine,zuccheri_su_carboidrati_pct,ingredienti,note,immagine_url,fonte_nutrizione,testo_nutrizionale,rilevato_il
Agrimontana Espositore Marron Glacé gr.720,https://www.savethefoods.it/prodotto/agrimontana-espositore-marron-glace-gr-720/,Caffè Colazione e Dolci | Le Novità,True,11 disponibili,39.9,98.25,59,Preferibilmente Entro 31/10/2026,100 g,347.0,,1.2,,0.0,,81.0,,56.0,,1.3,,,,0.02,,0.37464,,0.92308,69.1358,"marroni, zucchero, sciroppo di glucosio-fruttosio, estratto naturale di vaniglia Bourbon.",,https://www.savethefoods.it/wp-content/uploads/2026/09/Agrimontana-Espositore-Marron-Glace-gr.720-3.jpeg,descrizione,"Valori nutrizionali (per 100 g) : – Energia: 1472 kJ / 347 kcal – Grassi: 1,2 g – di cui saturi: 0 g – Carboidrati: 81 g – di cui zuccheri: 56 g – Proteine: 1,3 g – Sale: 0,02 g",2026-10-01T19:15:05+02:00
Antica Pasticceria Ambrosiana Canestrelli gr.140,https://www.savethefoods.it/prodotto/antica-pasticceria-ambrosiana-canestrelli-gr-140/,Caffè Colazione e Dolci | Le Novità,True,31 disponibili,1.69,2.4,30,Preferibilmente Entro 31/03/2027,100 g,488.0,,22.0,,9.7,,66.0,,15.0,,5.8,,1.7,,0.27,,1.18852,0.34836,3.7931,22.72727,"Farina di grano tenero di tipo “O”, margarina (oli e grassi vegetali (grasso di palma e olio di girasole), acqua, emulsionanti: mono e digliceridi degli acidi grassi (E471)), zucchero, amido di mais, uova, ricoperti con zucchero a velo 3% (saccarosio, amido di mais), burro, agenti lievitanti (carbonato acido di sodio, carbonato acido di ammonio), sale, latte scremato in polvere, aroma: vanillina, colorante: beta-carotene. Può contenere tracce di frutta a guscio, senape, lupini.",,https://www.savethefoods.it/wp-content/uploads/2026/09/Antica-Pasticceria-Ambrosiana-Canestrelli-gr.140-1.jpeg,descrizione,"Valori nutrizionali (per 100 g) : – Energia: 2045 kJ / 488 kcal – Grassi: 22 g – di cui saturi: 9,7 g – Carboidrati: 66 g – di cui zuccheri: 15 g – Proteine: 5,8 g – Fibre: 1,7 g – Sale: 0,27 g",2026-10-01T19:15:03+02:00
Antica Pasticceria Ambrosiana Fior di Limone gr.140,https://www.savethefoods.it/prodotto/antica-pasticceria-ambrosiana-fior-di-limone-gr-140/,Caffè Colazione e Dolci | Le Novità,True,40 disponibili,1.69,2.4,30,Preferibilmente Entro 31/03/2027,100 g,500.0,,26.0,,10.0,,61.0,,32.0,,4.5,,1.6,,0.23,,0.9,0.32,5.77778,52.45902,"Farina di grano tenero, crema al limone 30% [zucchero, grasso vegetale (palma, girasole), amido di di mais modificato, lattosio, latte scremato in polvere, emulsionante: lecitina di soia, aromi naturali, colorante: beta-carotene, aroma), margarina [oli e grassi vegetali (grasso di palma e olio di girasole), acqua, emulsionanti: mono e digliceridi degli acidi grassi (E471)], zucchero, farina di riso, amido di mais, cacao in polvere 2%, uova, burro, agenti lievitanti (carbonato acido di sodio, carbonato acido di ammonio), sale, latte scremato in polvere, aroma: vanillina. Può contenere tracce di frutta a guscio, senape, lupini.",,https://www.savethefoods.it/wp-content/uploads/2026/09/Antica-Pasticceria-Ambrosiana-Fior-di-Limone-gr.140.jpeg,descrizione,"Valori nutrizionali (per 100 g) : – Energia: 2093 kJ / 500 kcal – Grassi: 26 g – di cui saturi: 10 g – Carboidrati: 61 g – di cui zuccheri: 32 g – Proteine: 4,5 g – Fibre: 1,6 g – Sale: 0,23 g",2026-10-01T19:15:03+02:00
Antica Pasticceria Ambrosiana Fior di Neve gr.140,https://www.savethefoods.it/prodotto/antica-pasticceria-ambrosiana-fior-di-neve-gr-140/,Caffè Colazione e Dolci | Le Novità,True,23 disponibili,1.69,2.4,30,Preferibilmente Entro 31/03/2027,100 g,506.0,,26.0,,7.7,,61.0,,37.0,,5.6,,2.8,,0.16,,1.10672,0.55336,4.64286,60.65574,"farina di frumento, ripieno con crema cacao e nocciole 30% [zucchero, oli e grassi vegetali (girasole, burro di cacao), nocciole 10%, cacao magro in polvere 8%, latte in polvere, emulsionante: lecitina di girasole, aroma naturale di nocciola), margarina [oli e grassi vegetali (grasso di palma e olio di semi di girasole), acqua, emulsionanti: mono e digliceridi degli acidi grassi), zucchero, uova, zucchero a velo 196 (zucchero, amido di mais), burro, agenti lievitanti (carbonato acido di sodio, carbonato acido di ammonio), sale, latte scremato in polvere, aroma: vanillina, colorante: beta-carotene. Può contenere tracce di frutta a guscio, senape, lupini.",,https://www.savethefoods.it/wp-content/uploads/2026/09/Antica-Pasticceria-Ambrosiana-Fior-di-Neve-gr.140-1.jpeg,descrizione,"Valori nutrizionali (per 100 g) : – Energia: 2117 kJ / 506 kcal – Grassi: 26 g – di cui saturi: 7,7 g – Carboidrati: 61 g – di cui zuccheri: 37 g – Proteine: 5,6 g – Fibre: 2,8 g – Sale: 0,16 g",2026-10-01T19:15:03+02:00
Antica Pasticceria Ambrosiana Gemme ai Frutti di Bosco gr.140,https://www.savethefoods.it/prodotto/antica-pasticceria-ambrosiana-gemme-ai-frutti-di-bosco-gr-140/,Caffè Colazione e Dolci | Le Novità,True,41 disponibili,1.69,2.4,30,Preferibilmente Entro 30/05/2027,100 g,420.0,,15.0,,5.3,,66.0,,32.0,,5.0,,1.6,,0.28,,1.19048,0.38095,3.0,48.48485,"Farina di grano” tenero di tipo “0”, purea di frutti di bosco, margarina (oli e grassi vegetali (grasso di palma e olio di girasole), acqua, emulsionanti: mono e digliceridi degil acidi grassi (E471)], zucchero, uova, burro, agenti lievitanti (carbonato acido di sodio, carbonato acido di ammonio), sale, latte scremato in polvere, aroma: vanillina, colorante: beta-carotene. Può contenere tracce di frutta a guscio, senape, lupini.",,https://www.savethefoods.it/wp-content/uploads/2026/09/Antica-Pasticceria-Ambrosiana-Gemme-ai-Frutti-di-Bosco-gr.140.jpeg,descrizione,"Valori nutrizionali (per 100 g) : – Energia: 1767 kJ / 420 kcal – Grassi: 15 g – di cui saturi: 5,3 g – Carboidrati: 66 g – di cui zuccheri: 32 g – Proteine: 5,0 g – Fibre: 1,6 g – Sale: 0,28 g",2026-10-01T19:15:06+02:00
Antica Pasticceria Ambrosiana Gemme al Limone gr.140,https://www.savethefoods.it/prodotto/antica-pasticceria-ambrosiana-gemme-al-limone-gr-140/,Caffè Colazione e Dolci | Le Novità,True,41 disponibili,1.69,2.4,30,Preferibilmente Entro 31/03/2027,100 g,436.0,,17.0,,5.0,,65.0,,35.0,,5.0,,1.4,,0.03,,1.14679,0.3211,3.4,53.84615,"Farina di grano” tenero di tipo “0”, passata limoni , margarina (oli e grassi vegetali (grasso di palma e olio di girasole), acqua, emulsionanti: mono e digliceridi degil acidi grassi (E471)], zucchero, uova, burro, agenti lievitanti (carbonato acido di sodio, carbonato acido di ammonio), sale, latte scremato in polvere, aroma: vanillina, colorante: beta-carotene. Può contenere tracce di frutta a guscio, senape, lupini.",,https://www.savethefoods.it/wp-content/uploads/2026/09/Antica-Pasticceria-Ambrosiana-Gemme-gr.140-3.jpeg,descrizione,"Valori nutrizionali (per 100 g) : – Energia: 1831 kJ / 436 kcal – Grassi: 17 g – di cui saturi: 5,0 g – Carboidrati: 65 g – di cui zuccheri: 35 g – Proteine: 5,0 g – Fibre: 1,4 g – Sale: 0,03 g",2026-10-01T19:15:03+02:00
Antica Pasticceria Ambrosiana Gemme con Crema al Cacao e Nocciole gr.140,https://www.savethefoods.it/prodotto/antica-pasticceria-ambrosiana-gemme-con-crema-al-cacao-e-nocciole-gr-140/,Caffè Colazione e Dolci | Le Novità,True,40 disponibili,1.69,2.4,30,Preferibilmente Entro 31/03/2027,100 g,504.0,,25.0,,8.5,,64.0,,28.0,,5.1,,2.3,,0.22,,1.0119,0.45635,4.90196,43.75,"Farina di grano” tenero di tipo “0”, crema con cacao e nocciole 30% (zucchero, oli e grassi vegetali (oli (girasole), grassi (cacao)), nocciole 10%, cacao magro in polvere 8%, latte in polvere, emulsionante: lecitina di girasole, aroma naturale di nocciola), margarina (oli e grassi vegetali (grasso di palma e olio di girasole), acqua, emulsionanti: mono e digliceridi degil acidi grassi (E471)], zucchero, uova, burro, agenti lievitanti (carbonato acido di sodio, carbonato acido di ammonio), sale, latte scremato in polvere, aroma: vanillina, colorante: beta-carotene. Può contenere tracce di frutta a guscio, senape, lupini.",,https://www.savethefoods.it/wp-content/uploads/2026/09/Antica-Pasticceria-Ambrosiana-Gemme-gr.140.jpeg,descrizione,"Valori nutrizionali (per 100 g) : – Energia: 2109 kJ / 504 kcal – Grassi: 25 g – di cui saturi: 8,5 g – Carboidrati: 64 g – di cui zuccheri: 28 g – Proteine: 5,1 g – Fibre: 2,3 g – Sale: 0,22 g",2026-10-01T19:15:03+02:00
Antica Pasticceria Ambrosiana Girasoli gr.140,https://www.savethefoods.it/prodotto/antica-pasticceria-ambrosiana-girasoli-gr-140/,Caffè Colazione e Dolci | Le Novità,True,44 disponibili,1.69,2.4,30,Preferibilmente Entro 31/03/2027,100 g,410.0,,15.0,,5.3,,64.0,,36.0,,3.8,,3.3,,0.2,,0.92683,0.80488,3.94737,56.25,"Farina di grano* tenero di tipo “0”, passata di albicocche 35% [Sciroppo di glucosio-fruttosio, purea di albicocche (35%), zucchero, addensante: amido di mais modificato, gelificante: pectina con alginato di sodio; correttore di acidità: acido citrico; conservante: potassio sorbato; aromi], margarina [oli e grassi vegetali (grasso di palma e olio di girasole), acqua, emulsionanti: mono e digliceridi degli acidi grassi (E471)], zucchero, uova, burro, agenti lievitanti (carbonato acido di sodio, carbonato acido di ammonio), sale, latte scremato in polvere, aroma: vanillina, colorante: beta-carotene. Può contenere tracce di frutta a guscio, senape, lupini.",,https://www.savethefoods.it/wp-content/uploads/2026/09/Antica-Pasticceria-Ambrosiana-Girasoli-gr.140-1.jpeg,descrizione,"Valori nutrizionali (per 100 g) : – Energia: 1721 kJ / 410 kcal – Grassi: 15 g – di cui saturi: 5,3 g – Carboidrati: 64 g – di cui zuccheri: 36 g – Proteine: 3,8 g – Fibre: 3,3 g – Sale: 0,20 g",2026-10-01T19:15:03+02:00
Antica Pasticceria Ambrosiana Krumì al Cacao gr.140,https://www.savethefoods.it/prodotto/antica-pasticceria-ambrosiana-krumi-al-cacao-gr-140/,Caffè Colazione e Dolci | Le Novità,True,33 disponibili,1.69,2.4,30,Preferibilmente Entro 30/06/2027,100 g,496.0,,24.0,,13.7,,63.0,,26.0,,5.6,,2.4,,0.24,,1.12903,0.48387,4.28571,41.26984,"farina di frumento, margarina [oli e grassi vegetali (grasso di palma e olio di girasole), acqua, emulsionanti: mono-e digliceridi degli acidi grassi), copertura al cacao e latte 18% [zucchero, grassi vegetali (palmisti, cocco), siero di latte in polvere, cacao magro al 10% di burro di cacao, emulsionanti: lecitina di soia e poliricinoleato di poliglicerolo; aroma), zucchero, cacao in polvere 3%, olio di semi di girasole, uova, burro, agenti lievitanti (carbonato acido di sodio, carbonato acido di ammonio), sale, latte scremato in polvere, aroma: vanillina. Può contenere nocciole, pistacchi, mandorle, senape, lupini.",,https://www.savethefoods.it/wp-content/uploads/2026/09/Antica-Pasticceria-Ambrosiana-Krumi-al-Cacao-gr.140-2.jpeg,descrizione,"Valori nutrizionali (per 100 g) : – Energia: 2076 kJ / 496 kcal – Grassi: 24 g – di cui saturi: 13,7 g – Carboidrati: 63 g – di cui zuccheri: 26 g – Proteine: 5,6 g – Fibre: 2,4 g – Sale: 0,24 g",2026-10-01T19:15:06+02:00
Antica Pasticceria Ambrosiana Lemonmilk gr.140,https://www.savethefoods.it/prodotto/antica-pasticceria-ambrosiana-lemonmilk-gr-140/,Caffè Colazione e Dolci | Le Novità,True,37 disponibili,1.69,2.4,30,Preferibilmente Entro 31/03/2027,100 g,491.0,,24.0,,9.8,,62.0,,33.0,,5.9,,1.5,,0.24,,1.20163,0.3055,4.0678,53.22581,"Farina di grano” tenero di tipo 0, crema al gusto di limone 30% [zucchero, grasso vegetale (palma, girasole), amido modificato, lattosio, latte scremato in polvere, emulsionante: lecitina di soia, aromi naturali, colorante: beta-carotene; aroma), margarina [oll e grassi vegetali (grasso di palma e olio di semi di girasole), acqua, emulsionanti: mono e digliceridi degli acidi grassi (E471)), zucchero, uova, succo di limone di Sorrento 1%, burro, agenti lievitanti (carbonato acido di sodio, carbonato acido di ammonio), sale, latte scremato in polvere, aroma: vanillina, colorante: beta-carotene. Può contenere tracce di frutta a guscio, senape, lupini.",,https://www.savethefoods.it/wp-content/uploads/2026/09/Antica-Pasticceria-Ambrosiana-Lemonmilk-gr.140-2.jpeg,descrizione,"Valori nutrizionali (per 100 g) : – Energia: 2057 kJ / 491 kcal – Grassi: 24 g – di cui saturi: 9,8 g – Carboidrati: 62 g – di cui zuccheri: 33 g – Proteine: 5,9 g – Fibre: 1,5 g – Sale: 0,24 g",2026-10-01T19:15:03+02:00
Antica Pasticceria Ambrosiana Lunette alla Fragola gr.140,https://www.savethefoods.it/prodotto/antica-pasticceria-ambrosiana-lunette-alla-fragola-gr-140/,Caffè Colazione e Dolci | Le Novità,True,45 disponibili,1.69,2.4,30,Preferibilmente Entro 31/03/2027,100 g,364.0,,12.0,,5.0,,65.0,,21.0,,4.2,,3.0,,0.16,,,,,,"Farina di grano tenero di tipo “0”, passata di fragole 25% (sciroppo di glucosio-fruttosio, purea di fragole 35%, saccarosio, scorza di arancia candita e macinata, gelificante: pectina, succo di carota nero concentrato, correttore di acidità: acido citrico, conservante: potassio sorbato, aromi), margarina (oli e grassi vegetali (grassi (palma), oli (girasole)), acqua, emulsionanti: mono e digliceridi degli acidi grassi (E471)), zucchero, amido di mais, copertura di zucchero a velo 3% (saccarosio, amido di mais), uova, burro, lecitina di colza, agenti levitanti (carbonato acido di sodio, carbonato acido di ammonio), sale, latte scremato in polvere, aroma: vanillina, colorante: beta-carotene. beta-carotene. Può contenere tracce di frutta a guscio, senape, lupini.",Energia in kJ e kcal discordante sul sito,https://www.savethefoods.it/wp-content/uploads/2026/09/Antica-Pasticceria-Ambrosiana-Lunette-alla-Fragola-gr.140-1.jpeg,descrizione,"Valori nutrizionali (per 100 g) : – Energia: 1659 kJ / 364 kcal – Grassi: 12 g – di cui saturi: 5,0 g – Carboidrati: 65 g – di cui zuccheri: 21 g – Proteine: 4,2 g – Fibre: 3,0 g – Sale: 0,16 g",2026-10-01T19:15:03+02:00
Antica Pasticceria Ambrosiana Lunette Mele e Cannella gr.140,https://www.savethefoods.it/prodotto/antica-pasticceria-ambrosiana-lunette-mele-e-cannella-gr-140/,Caffè Colazione e Dolci | Le Novità,True,35 disponibili,1.69,2.4,30,Preferibilmente Entro 31/03/2027,100 g,407.0,,13.0,,5.0,,65.0,,22.0,,4.5,,3.0,,0.1,,1.10565,0.7371,2.88889,33.84615,"Farina di grano” tenero di tipo “0”, passata di mela e cannella 25% [Sciroppo di glucosio – fruttosio, purea di mela (35,096), saccarosio, gelificante: pectina (E440i); cannella in polvere (0,3%), correttore di acidità: acido citrico (E330), conservante: potassio sorbato (E202); aromi), margarina (oli e grassi vegetali (grassi (palma), oli (girasole)), acqua, emulsionanti: mono e digliceridi degli acidi grassi (6471)), zucchero, amido di mais, copertura di zucchero a velo 3% (saccarosio, amido di mais), uova, burro, lecitina di colza, agenti lievitanti (carbonato acido di sodio, carbonato acido di ammonio), sale, latte scremato in polvere, aroma: vanillina, colorante: beta-carotene. Può contenere tracce di frutta a guscio, senape, lupini.",,https://www.savethefoods.it/wp-content/uploads/2026/09/Antica-Pasticceria-Ambrosiana-Lunette-Mele-e-Cannella-gr.140.jpeg,descrizione,"Valori nutrizionali (per 100 g) : – Energia: 1711 kJ / 407 kcal – Grassi: 13 g – di cui saturi: 5,0 g – Carboidrati: 65 g – di cui zuccheri: 22 g – Proteine: 4,5 g – Fibre: 3,0 g – Sale: 0,10 g",2026-10-01T19:15:03+02:00
Antica Pasticceria Ambrosiana Moretti gr.140,https://www.savethefoods.it/prodotto/antica-pasticceria-ambrosiana-moretti-gr-140/,Caffè Colazione e Dolci | Le Novità,True,45 disponibili,1.69,2.4,30,Preferibilmente Entro 31/03/2027,100 g,491.0,,26.0,,8.6,,54.0,,27.0,,7.1,,5.6,,0.17,,1.44603,1.14053,3.66197,50.0,"Farina di grano tenero di tipo “0”, crema al cacao 30% (cacao magro in polvere 35,5%, zucchero, oli vegetali (palma e e girasole), nocciole, emulsionante: lecitina di sola, aromi), margarina (oll e grassi vegetali (grasso di palma e olio di semi di girasole), acqua, emulsionanti: mono e digliceridi degli acidi grassi (E471)], zucchero, farina di riso, amido di mais, cacao in polvere 2%, uova, burro, agenti lievitanti (carbonato acido di sodio, carbonato acido di ammonio), sale, latte scremato in polvere, aroma: vanillina. Può contenere tracce di frutta a guscio, senape, lupini.",,https://www.savethefoods.it/wp-content/uploads/2026/09/Antica-Pasticceria-Ambrosiana-Moretti-gr.140-1.jpeg,descrizione,"Valori nutrizionali (per 100 g) : – Energia: 2052 kJ / 491 kcal – Grassi: 26 g – di cui saturi: 8,6 g – Carboidrati: 54 g – di cui zuccheri: 27 g – Proteine: 7,1 g – Fibre: 5,6 g – Sale: 0,17 g",2026-10-01T19:15:03+02:00
Antica Pasticceria Ambrosiana Ovoline Glassate gr.150,https://www.savethefoods.it/prodotto/antica-pasticceria-ambrosiana-ovoline-glassate-gr-150/,Caffè Colazione e Dolci | Le Novità,True,29 disponibili,1.69,2.4,30,Preferibilmente Entro 28/02/2027,100 g,503.0,,27.0,,3.9,,57.0,,22.0,,8.1,,3.2,,0.3,,1.61034,0.63618,3.33333,38.59649,"Farina di grano* tenero di tipo “0”, margarina [oli e grassi vegetali (grasso di palma e olio di girasole), acqua, emulsionanti: mono e digliceridi degli acidi grassi (E471)], zucchero, copertura di cacao 9% [zucchero, grassi vegetali (palmisti), cacao magro in polvere 16%, emulsionante: lecitina di girasole (E322), aroma), nocciole 2,8%, uova, burro, agenti lievitanti (difosfato disodico, carbonato acido di sodio), sale, latte scremato in polvere, aroma: vanillina, colorante: beta-carotene. Può contenere tracce di altra frutta a guscio, soia, senape, lupini.",,https://www.savethefoods.it/wp-content/uploads/2026/09/Antica-Pasticceria-Ambrosiana-Ovoline-Glassate-gr.150-2.jpeg,descrizione,"Valori nutrizionali (per 100 g) : – Energia: 2104 kJ / 503 kcal – Grassi: 27 g – di cui saturi: 3,9 g – Carboidrati: 57 g – di cui zuccheri: 22 g – Proteine: 8,1 g – Fibre: 3,2 g – Sale: 0,30 g",2026-10-01T19:15:07+02:00
Apulia Taralli Pugliesi Gusto Peperoncino gr.250,https://www.savethefoods.it/prodotto/apulia-taralli-pugliesi-gusto-peperoncino-gr-250/,Farine e Snack Salati | Le Novità,True,47 disponibili,1.39,1.99,30,Preferibilmente Entro 30/11/2026,100 g,468.0,,19.0,,2.9,,64.0,,1.2,,9.4,,1.8,,1.9,,2.00855,0.38462,2.02128,1.875,"farina di grano tenero (UE), olio di semi di girasole alto oleico, vino bianco, sale, olio extra vergine di oliva, peperoncino macinato 0,4%. Può contenere tracce di sesamo, soia, senape e latte.",,https://www.savethefoods.it/wp-content/uploads/2026/09/Apulia-Taralli-Pugliesi-Gusto-Peperoncino-gr.250.jpeg,descrizione,"Valori nutrizionali (per 100 g) : – Energia: 1965 kJ / 468 kcal – Grassi: 19 g – di cui saturi: 2,9 g – Carboidrati: 64 g – di cui zuccheri: 1,2 g – Proteine: 9,4 g – Fibre: 1,8 g – Sale: 1,9 g",2026-10-01T19:15:03+02:00
Armores Natura 10 Giorni Energy x10 Flaconcini da 15 ml,https://www.savethefoods.it/prodotto/armores-natura-10-giorni-energy-x10-flaconcini-da-15-ml/,Cura Casa e Persona | Le Novità,True,24 disponibili,6.9,14.56,53,Preferibilmente Entro 31/12/2026,,,,,,,,,,,,,,,,,,,,,,"Acqua, fruttosio pidolato, magnesio citrato, Ginseng radice estratto fluido (Panax ginseng C.A. Mey.), acido L-ascorbico (vitamina C), Guaranà semi estratto fluido (Paullinia cupana Kunth) tit. 2% in caffeina, L-carnitina, aroma naturale, succo concentrato di arancia, aroma cola, conservante: potassio sorbato, addensante: gomma di xanthan; cianocobalamina (Vitamina B12).",,https://www.savethefoods.it/wp-content/uploads/2026/09/Armores-Natura-10-Giorni-Energy-x10-Flaconcini-da-15-ml.jpeg,,,2026-10-01T19:15:07+02:00
Armores Natura Zenzero 60 Capsule Vegetali,https://www.savethefoods.it/prodotto/armores-natura-zenzero-60-capsule-vegetali/,Cura Casa e Persona | Le Novità | Senza Glutine | Vegani,True,10 disponibili,6.9,17.06,60,Preferibilmente Entro 31/12/2026,,,,,,,,,,,,,,,,,,,,,,"Zenzero (Zingiber officinalis Rosc., radice) polvere, agente di carica: cellulosa microcristallina; agente di rivestimento: idrossipropil- metilcellulosa; Zenzero (Zingiber officinalis Rosc., radice) estratto secco titolato 20% in gingeroli, Antiagglomeranti: biossido di silicio, sali di magnesio degli acidi grassi.",,https://www.savethefoods.it/wp-content/uploads/2026/09/Armores-Natura-Zenzero-60-Capsule-Vegetali-3.jpg,,,2026-10-01T19:15:01+02:00
Armores Pappa Reale Fresca 10x10ml.,https://www.savethefoods.it/prodotto/armores-pappa-reale-fresca-10x10ml/,Cura Casa e Persona | Senza Glutine,True,24 disponibili,9.9,18.72,47,Preferibilmente Entro 30/01/2027,,,,,,,,,,,,,,,,,,,,,,"Acqua, Miele 40%, Pappa reale 7,5%, Echinacea e.s. (Echinacea purpurea L., Moench, erba), Sambuco succo (Sambucus nigra L., frutto), conservante: potassio sorbato; stabilizzante: gomma di xantano.",,https://www.savethefoods.it/wp-content/uploads/2026/10/Armores-Pappa-Reale-Fresca-10x10ml.png,,,2026-10-01T19:15:08+02:00
Bandito Crackers Original 3x60gr.,https://www.savethefoods.it/prodotto/bandito-crackers-original-3x60gr/,Farine e Snack Salati | Le Novità,True,276 disponibili,0.89,1.89,53,Preferibilmente Entro 21/10/2026,100 g,474.0,,18.0,,1.7,,69.0,,10.0,,9.0,,,,1.6,,1.89873,,2.0,14.49275,"farina di grano, olio di girasole, zucchero, agenti lievitanti (E503, E450, E500), 1,4% sale, conservante (E223), emulsionante (lecitina di soia), correttore di acidità (E270). Può contenere: frutta a guscio, arachidi, semi di sesamo, orzo, latte, uova.",,https://www.savethefoods.it/wp-content/uploads/2026/09/Bandito-Crackers-Original-3x60gr.jpeg,descrizione,"Valori nutrizionali (per 100 g) : – Energia: 1987 kJ / 474 kcal – Grassi: 18 g – di cui saturi: 1,7 g – Carboidrati: 69 g – di cui zuccheri: 10 g – Proteine: 9,0 g – Sale: 1,6 g",2026-10-01T19:15:08+02:00
Bandito Crackers Paprika 3x60gr.,https://www.savethefoods.it/prodotto/bandito-crackers-paprika-3x60gr/,Farine e Snack Salati | Le Novità,True,268 disponibili,0.89,1.89,53,Preferibilmente Entro 28/10/2026,100 g,469.0,,18.0,,1.7,,68.0,,9.9,,8.9,,,,1.7,,1.89765,,2.02247,14.55882,"farina di grano, olio di girasole, zucchero, agenti lievitanti (E503, E450, E500), 1,4% sale, conservante (E223), emulsionante (lecitina di soia), paprika in polvere, correttore di acidità (E270). Può contenere: frutta a guscio, arachidi, semi di sesamo, orzo, latte, uova.",,https://www.savethefoods.it/wp-content/uploads/2026/09/Bandito-Crackers-Paprika-3x60gr.-3.jpeg,descrizione,"Valori nutrizionali (per 100 g) : – Energia: 1965 kJ / 469 kcal – Grassi: 18 g – di cui saturi: 1,7 g – Carboidrati: 68 g – di cui zuccheri: 9,9 g – Proteine: 8,9 g – Sale: 1,7 g",2026-10-01T19:15:08+02:00
Barbie Bustina con Caramelle alla Fragola e Braccialetto gr.10,https://www.savethefoods.it/prodotto/barbie-bustina-con-caramelle-alla-fragola-e-braccialetto-gr-10/,Caffè Colazione e Dolci | Le Novità,True,1 disponibili,0.99,1.75,43,Preferibilmente Entro 06/12/2026,100 g,385.0,,0.2,,0.0,,95.0,,89.6,,0.1,,,,0.1,,0.02597,,2.0,94.31579,"destrosio, zucchero, sciroppo di glucosio, addensante: maltodestrina, emulsionante: E470b, acidificante: E330, aroma, colorante: E162 Può contenere tracce di lattosio, uova glutine ed arachidi",,https://www.savethefoods.it/wp-content/uploads/2026/09/Barbie-Bustina-con-Caramelle-alla-Fragola-e-Braccialetto-gr.10.jpeg,descrizione,"Valori nutrizionali (per 100 g) : – Energia: 1599 kJ / 385 kcal – Grassi: 0,2 g – di cui saturi: 0 g – Carboidrati: 95 g – di cui zuccheri: 89,6 g – Proteine: 0,1 g – Sale: 0,10 g",2026-10-01T19:15:03+02:00
Baule Volante Confettini Arcobaleno Biologico gr.60,https://www.savethefoods.it/prodotto/baule-volante-confettini-arcobaleno-biologico-gr-60/,Biologici | Caffè Colazione e Dolci | Le Novità,True,34 disponibili,1.99,3.9,49,Preferibilmente Entro 30/11/2026,100 g,479.0,,21.0,,13.0,,67.0,,62.0,,3.1,,5.0,,0.01,,0.64718,1.04384,6.77419,92.53731,"Cioccolato fondente*53%(massa di cacao*,zucchero di canna*,polvere di cacao*,emulsionante: lecitina di soia*).(Cacao: 39% minimo) Rivestimento dei confetti:zucchero di canna*, amido di mais*,coloranti (concentrati di alghe,cartamo*,mela*,carota*,rafano*, zucca*,ribes nero*),addensante: gomma arabica*,agente di rivestimento:cera carnauba*.(*da agricoltura biologica) Può contenere tracce di glutine, arachidi, latte e frutta a guscio.",,https://www.savethefoods.it/wp-content/uploads/2026/09/Baule-Volante-Confettini-Arcobaleno-Biologico-gr.60-2.jpeg,descrizione,"Valori nutrizionali (per 100 g) : – Energia: 2009 kJ / 479 kcal – Grassi: 21 g – di cui saturi: 13 g – Carboidrati: 67 g – di cui zuccheri: 62 g – Proteine: 3,1 g – Fibre: 5,0 g – Sale: 0,01 g",2026-10-01T19:15:05+02:00
Baule Volante Solo Frutta Prugna Biologico gr.100,https://www.savethefoods.it/prodotto/baule-volante-solo-frutta-prugna-biologico-gr-100/,Biologici | Caffè Colazione e Dolci | Le Novità | Senza Glutine | Succhi e Bibite Analcoliche,True,173 disponibili,0.69,1.29,47,Preferibilmente Entro 12/11/2026,100 g,54.0,,0.0,,0.0,,11.0,,10.0,,0.7,,2.0,,0.0,,1.2963,3.7037,0.0,90.90909,Purea di prugna Stanley biologica,,https://www.savethefoods.it/wp-content/uploads/2026/09/Baule-Volante-Solo-Frutta-Prugna-Biologico-gr.100.jpeg,descrizione,"Valori nutrizionali (per 100 g) : – Energia: 226 kJ / 54 kcal – Grassi: 0 g– di cui saturi: 0 g – Carboidrati: 11 g – di cui zuccheri: 10 g – Proteine: 0,7 g – Fibre: 2,0 g – Sale: 0 g",2026-10-01T19:15:05+02:00
Bidoli Le Alte Friuli Cabernet cl.75,https://www.savethefoods.it/prodotto/bidoli-le-alte-friuli-cabernet-cl-75/,Vini,True,6 disponibili,11.9,13.2,10,,,,,,,,,,,,,,,,,,,,,,,,,https://www.savethefoods.it/wp-content/uploads/2026/09/Bidoli-Le-Alte-Friuli-Cabernet-cl.75.jpeg,,,2026-10-01T19:15:07+02:00
Bidoli Le Alte Friuli Merlot cl.75,https://www.savethefoods.it/prodotto/bidoli-le-alte-friuli-merlot-cl-75/,Vini,True,5 disponibili,11.9,13.2,10,,,,,,,,,,,,,,,,,,,,,,,,,https://www.savethefoods.it/wp-content/uploads/2026/09/Bidoli-Le-Alte-Friuli-Merlot-cl.75.jpeg,,,2026-10-01T19:15:07+02:00
Bidoli Le Alte Friuli Refosco dal Penduncolo Rosso cl.75,https://www.savethefoods.it/prodotto/bidoli-le-alte-friuli-refosco-dal-penduncolo-rosso-cl-75/,Vini,True,6 disponibili,11.9,13.2,10,,,,,,,,,,,,,,,,,,,,,,,,,https://www.savethefoods.it/wp-content/uploads/2026/09/Bidoli-Le-Alte-Friuli-Refosco-dal-Penduncolo-Rosso-cl.75.jpeg,,,2026-10-01T19:15:07+02:00
Bio al Bon Biscotti Farciti al Cacao Biologici gr.150,https://www.savethefoods.it/prodotto/bio-al-bon-biscotti-farciti-al-cacao-biologici-gr-150-3/,Biologici | Caffè Colazione e Dolci | Le Novità | Senza Glutine | Vegani,True,113 disponibili,1.19,4.15,71,Preferibilmente Entro 30/10/2026,100 g,476.0,,20.0,,6.0,,64.0,,28.0,,8.4,,4.3,,0.57,,1.76471,0.90336,2.38095,43.75,"*farina di GRANO, *zucchero di canna, *olio di girasole, *cacao in polvere 6%, *LATTE scremato in polvere, *burro di cacao, *UOVA intere, *BURRO, sale marino, agenti lievitanti (carbonati di ammonio e di sodio), addensanti: *gomma arabica, *amido di GRANO. *biologico. Può contenere tracce di frutta a guscio e semi di sesamo",,https://www.savethefoods.it/wp-content/uploads/2026/09/WhatsApp-Image-2025-09-26-at-09.16.22-2.jpeg,descrizione,Valori nutrizionali (per 100 g) : – Energia: 1996 kJ / 476 kcal – Grassi: 20 g – di cui saturi: 6 g – Carboidrati: 64 g – di cui zuccheri: 28 g – Proteine: 8.4 g – Fibre: 4.3 g – Sale: 0.57 g,2026-10-01T19:15:07+02:00
Bio Orto Datterino al Naturale Biologico gr.360,https://www.savethefoods.it/prodotto/bio-orto-datterino-al-naturale-biologico-gr-360/,Biologici | Le Novità | Sughi e scatolame,True,548 disponibili,1.29,3.3,61,Preferibilmente Entro 30/11/2026,100 g,24.0,,0.5,<,0.0,,3.5,,,,1.0,,,,1.5,,4.16667,,,,"Pomodori datterini* (57%), acqua, sale. *Biologico",,https://www.savethefoods.it/wp-content/uploads/2026/09/Bio-Orto-Datterino-al-Naturale-Biologico-gr.360-3.jpeg,descrizione,"Valori nutrizionali (per 100 g) : – Energia: 100 kJ / 24 kcal – Grassi: <0,5 g – di cui saturi: 0 g – Carboidrati: 3,5 g – Proteine: 1,0 g – Sale: 1,5 g",2026-10-01T19:15:04+02:00
Bio Orto Pasto al Basilico con Aglio Biologico gr.180,https://www.savethefoods.it/prodotto/bio-orto-pasto-al-basilico-con-aglio-biologico-gr-180/,Biologici | Le Novità | Sughi e scatolame,True,9 disponibili,4.9,5.9,17,Preferibilmente Entro 31/07/2027,100 g,430.0,,46.0,,7.0,,0.7,,0.5,<,3.0,,,,0.63,,0.69767,,15.33333,,"Basilico* (49,7%), olio extra vergine di oliva*, Parmigiano reggiano DOP* (LATTE*, sale, caglio), pecorino* (LATTE*, sale, caglio), sale, pinoli*, aglio* (0,2%), correttori di acidità: acido lattico, acido citrico. *Biologico",,https://www.savethefoods.it/wp-content/uploads/2026/09/Bio-Orto-Pasto-al-Basilico-con-Aglio-Biologico-gr.180.jpeg,descrizione,"Valori nutrizionali (per 100 g) : – Energia: 1771 kJ / 430 kcal – Grassi: 46 g – di cui saturi: 7,0 g – Carboidrati: 0,7 g– di cui Zuccheri: <0,5 g – Proteine: 3,0 g – Sale: 0,63 g",2026-10-01T19:15:04+02:00
Bio Orto Pomodori Pelati Biologico gr.1000,https://www.savethefoods.it/prodotto/bio-orto-pomodori-pelati-biologico-gr-1000/,Biologici | Le Novità | Sughi e scatolame,True,6 disponibili,5.9,7.5,21,Preferibilmente Entro 30/06/2027,100 g,24.0,,0.5,<,0.0,,,,3.5,,1.0,,,,0.54,,,,,,"Pomodori pelati* (64%), acqua, sale. *Biologico",Valore non interpretabile: carboidrati_g,https://www.savethefoods.it/wp-content/uploads/2026/09/Bio-Orto-Pomodori-Pelati-Biologico-gr.1000-3.jpeg,descrizione,"Valori nutrizionali (per 100 g) : – Energia: 100 kJ / 24 kcal – Grassi: <0,5 g – di cui saturi: 0 g – Carboidrati: 3,5 – di cui Zuccheri: 3,5 g – Proteine: 1,0 g – Sale: 0,54 g",2026-10-01T19:15:04+02:00
Bio Orto Sugo alla Puttanesca Biologico gr.350,https://www.savethefoods.it/prodotto/bio-orto-sugo-alla-puttanesca-biologico-gr-350/,Biologici | Le Novità | Sughi e scatolame,True,56 disponibili,3.29,3.9,16,Preferibilmente Entro 28/02/2027,100 g,97.0,,5.5,,0.8,,9.4,,6.3,,2.4,,,,0.8,,2.47423,,2.29167,67.02128,"Polpa di pomodoro* (42,5%), passata di pomodoro* (42,5%) olive nere* (9%), capperi* (3%), olio extra vergine di oliva* (2,5%), sale, peperoncino*, prezzemolo*, aglio*. *Biologico",,https://www.savethefoods.it/wp-content/uploads/2026/09/Bio-Orto-Sugo-alla-Puttanesca-Biologico-gr.350.jpeg,descrizione,"Valori nutrizionali (per 100 g) : – Energia: 405 kJ / 97 kcal – Grassi: 5,5 g – di cui saturi: 0,8 g – Carboidrati: 9,4 g– di cui Zuccheri: 6,3 g – Proteine: 2,4 g – Sale: 0,80 g",2026-10-01T19:15:04+02:00
Biostock Fagioli Borlotti Biologici kg.5,https://www.savethefoods.it/prodotto/biostock-fagioli-borlotti-biologici-kg-5-2/,Biologici | Le Novità | Sughi e scatolame,True,10 disponibili,18.9,44.1,57,Preferibilmente Entro 03/10/2026,100 g,320.0,,2.0,,0.0,,47.5,,3.5,,20.2,,15.7,,0.1,,6.3125,4.90625,0.09901,7.36842,fagioli borlotti*. *da agricoltura biologica. Origine: ITALIA,,https://www.savethefoods.it/wp-content/uploads/2026/09/WhatsApp-Image-2025-10-13-at-15.18.01.jpeg,descrizione,Valori nutrizionali (per 100 g) : – Energia: 1350 kJ / 320 kcal – Grassi: 2.0 g – di cui saturi: 0.0 g – Carboidrati: 47.5 g – di cui zuccheri: 3.5 g – Proteine: 20.2 g – Fibre: 15.7 g – Sale: 0.10 g,2026-10-01T19:15:07+02:00
Biostock Fusilli di Lenticchie Rosse Biologico Senza Glutine kg.4,https://www.savethefoods.it/prodotto/biostock-fusilli-di-lenticchie-rosse-biologico-senza-glutine-kg-4/,Biologici | Le Novità | Pasta Riso e Cereali | Senza Glutine,True,28 disponibili,19.9,29.93,34,Preferibilmente Entro 15/01/2027,100 g,333.0,,1.1,,0.2,,55.0,,1.2,,23.0,,5.4,,0.0,,6.90691,1.62162,0.04783,2.18182,*farina di lenticchie rosse. *biologico,,https://www.savethefoods.it/wp-content/uploads/2026/09/Biostock-Fusilli-di-Lenticchie-Rosse-Biologico-Senza-Glutine-kg.4.jpeg,descrizione,"Valori nutrizionali (per 100 g) : – Energia: 1410 kJ / 333 kcal – Grassi: 1,10 g – di cui saturi: 0,20 g – Carboidrati: 55 g – di cui zuccheri: 1,2 g – Proteine: 23 g – Fibre: 5,4 g – Sale: 0 g",2026-10-01T19:15:07+02:00
Biostock Mix di Frutta Secca Biologico kg.5,https://www.savethefoods.it/prodotto/biostock-mix-di-frutta-secca-biologico-kg-5/,Biologici | Le Novità | Senza Glutine | Sughi e scatolame,True,40 disponibili,29.9,74.88,60,Preferibilmente Entro 26/10/2026,100 g,514.0,,35.0,,5.0,,36.0,,31.0,,11.0,,7.2,,0.07,,2.14008,1.40078,3.18182,86.11111,"*uvetta sultanina 40% (*uvetta 99,5%, *olio di semi di girasole 0,5%), *ANACARDI 15%, *NOCI 15%, *NOCCIOLE sgusciate 15%, *MANDORLE sgusciate 15%. *biologico. Può contenere tracce di frutta a guscio e semi di sesamo.",,https://www.savethefoods.it/wp-content/uploads/2026/09/Biostock-Mix-di-Frutta-Secca-Biologico-kg.5.jpeg,descrizione,"Valori nutrizionali (per 100 g) : – Energia: 2138 kJ / 514 kcal – Grassi: 35 g – di cui saturi: 5 g – Carboidrati: 36 g – di cui zuccheri: 31 g – Proteine: 11 g – Fibre: 7,2 g – Sale: 0,07 g",2026-10-01T19:15:07+02:00
Bjorg Bevanda di Farro 100% Vegetale Biologica Senza Zuccheri Aggiunti lt.1,https://www.savethefoods.it/prodotto/bjorg-bevanda-di-farro-100-vegetale-biologica-senza-zuccheri-aggiunti-lt-1/,Biologici | Latte e Bevande Vegetali | Le Novità,True,226 disponibili,1.99,3.68,46,Preferibilmente Entro 13/02/2027,100 ml,58.0,,1.2,,0.2,,11.0,,4.1,,0.8,,0.5,<,0.1,,1.37931,,1.5,37.27273,"Acqua, FARRO*(15%), olio di semi di girasole spremuto a freddo*, sale marino. *Biologico Può contenere: Glutine",,https://www.savethefoods.it/wp-content/uploads/2026/09/Bjorg-Bevanda-di-Farro-100-Vegetale-Biologica-Senza-Zuccheri-Aggiunti-lt.1-2.jpeg,descrizione,"Valori nutrizionali (per 100 ml) : – Energia: 245 kJ / 58 kcal – Grassi: 1,2 g – di cui saturi: 0,2 g – Carboidrati: 11 g – di cui zuccheri: 4,1 g – Proteine: 0,8 g – Fibre: <0,5 g – Sale: 0,1 g",2026-10-01T19:15:07+02:00
Boccardi Sugo al Vino gr.180,https://www.savethefoods.it/prodotto/boccardi-sugo-al-vino-gr-180/,Sughi e scatolame,True,21 disponibili,2.9,4.9,41,Preferibilmente Entro 25/10/2027,100 g,128.0,,10.0,,1.7,,6.6,,5.0,,2.1,,,,0.98,,1.64062,,4.7619,75.75758,"polpa di pomodoro italiano 56%, passata di pomodoro 19%, olio di oliva, doppio concentrato di pomodoro 9,4%, vino Barolo DOCG 4,2% (solfiti, sale marino. Origine del pomodoro: Italia",,https://www.savethefoods.it/wp-content/uploads/2026/09/WhatsApp-Image-2026-03-09-at-14.52.33.jpeg,descrizione,"Valori nutrizionali (per 100 g) : – Energia: 532 kJ / 128 kcal – Grassi: 10 g – di cui saturi: 1,7 g – Carboidrati: 6,6 g – di cui zuccheri: 5,0 g – Proteine: 2,1 g – Sale: 0,98g",2026-10-01T19:15:02+02:00
Borges Mix Fritto e Salato gr.40,https://www.savethefoods.it/prodotto/borges-mix-fritto-e-salato-gr-40/,Farine e Snack Salati | Le Novità,True,402 disponibili,0.45,0.99,55,Preferibilmente Entro 31/10/2026,100 g,541.0,,34.0,,4.9,,35.0,,3.2,,21.0,,5.3,,1.7,,3.8817,0.97967,1.61905,9.14286,"Mais fritto salato, arachidi fritte salate senza pelle, arachidi fritte salate con pelle, ceci tostati, fave fritte salate, olio vegetale di girasole e sale.",,https://www.savethefoods.it/wp-content/uploads/2026/09/Borges-Mix-Fritto-e-Salato-gr.40-1.jpeg,descrizione,"Valori nutrizionali (per 100 g) : – Energia: 2252 kJ / 541 kcal – Grassi: 34 g – di cui saturi: 4,9 g – Carboidrati: 35 g – di cui zuccheri: 3,2 g – Proteine: 21 g – Fibre: 5,3 g – Sale: 1,7 g",2026-10-01T19:15:05+02:00
BOX 10x Giusto Grissini con Semi di Sesamo Senza Glutine gr.150,https://www.savethefoods.it/prodotto/box-10x-giusto-grissini-con-semi-di-sesamo-senza-glutine-gr-150/,Farine e Snack Salati | Le Novità | Senza Glutine,True,12 disponibili,13.9,45.0,69,Preferibilmente Entro 27/11/2026,100 g,434.0,,11.0,,1.8,,79.0,,4.6,,2.8,,4.0,,2.3,,0.64516,0.92166,3.92857,5.82278,"amido di frumento deglutinato, farina di riso, olio extravergine di oliva 8%, uova, semi di sesamo 4%, zucchero, fibra di semi psyllium, lievito, sale, estratto naturale di rosmarino. Prodotto in uno stabilimento che tratta latte, soia, frutta a guscio, senape, anidride solforosa e solfiti e quindi il prodotto può contenerne.",,https://www.savethefoods.it/wp-content/uploads/2026/09/WhatsApp-Image-2025-05-19-at-12.12.53.jpeg,descrizione,Valori nutrizionali (per 100 g) : – Energia: 1830 kJ / 434 kcal – Grassi: 11 g – di cui saturi: 1.8 g – Carboidrati: 79 g – di cui zuccheri: 4.6 g – Proteine: 2.8 g – Fibre: 4.0 g – Sale: 2.3 g,2026-10-01T19:15:06+02:00
BOX 10x Giusto Stick & Go Salatini Senza Glutine gr.100,https://www.savethefoods.it/prodotto/box-10x-giusto-stick-go-salatini-senza-glutine-gr-100-2/,Farine e Snack Salati | Le Novità | Senza Glutine | ULTIMA CHIAMATA,True,40 disponibili,13.9,35.7,61,Preferibilmente Entro 01/11/2026,100 g,380.0,,2.9,,0.5,,80.0,,3.2,,5.5,,5.5,,0.48,,1.44737,1.44737,0.52727,4.0,"Farina di riso, amido di mais, sale, zucchero, addensanti: carbossimetilcellulosa di sodio, gomma di guar, gomma di acacia; olio di girasole, uovo in polvere, emulsionanti: mono-e digliceridi degli acidi grassi; lievito, antiossidante: estratto ricco in tocoferoli; regolatore di acidità: idrossido di sodio. Può contenere sesamo.",,https://www.savethefoods.it/wp-content/uploads/2026/09/Giusto-Stick-Go-Salatini-Senza-Glutine-gr.100.jpeg,descrizione,"Valori nutrizionali (per 100 g) : – Energia: 1609kJ / 380 kcal – Grassi: 2,9 g – di cui saturi: 0,5 g – Carboidrati: 80 g – di cui zuccheri: 3,2 g – Proteine: 5,5 g – Fibre: 5,5 g– Sale: 0,48 g",2026-10-01T19:15:06+02:00
BOX 10x Nutracentis Conchiglie Mais Bianco e Spirulina Biologica Senza glutine gr.250,https://www.savethefoods.it/prodotto/box-10x-nutracentis-conchiglie-mais-bianco-e-spirulina-biologica-senza-glutine-gr-250/,Biologici | Le Novità | Pasta Riso e Cereali | Senza Glutine | Vegani,True,16 disponibili,16.9,41.0,59,Preferibilmente Entro 10/10/2026,100 g,366.0,,2.5,,1.0,,75.0,,0.4,,9.9,,3.3,,0.12,,2.70492,0.90164,0.25253,0.53333,farina di mais bianco 95%* spirulina in polvere 5%*. *ingredienti da agricoltura biologica. Prodotto Certificato Biologico ICEA,,https://www.savethefoods.it/wp-content/uploads/2026/09/BOX-10x-Nutracentis-Conchiglie-Mais-Bianco-e-Spirulina-Biologica-Senza-glutine-gr.250.jpeg,descrizione,Valori nutrizionali (per 100 g) : – Energia: 1553 kJ / 366 kcal – Grassi: 2.5 g – di cui saturi: 1.0 g – Carboidrati: 75 g – di cui zuccheri: 0.4 g – Proteine: 9.9 g – Fibre: 3.3 g – Sale: 0.12 g – Ferro: 2.9 mg*1.04,2026-10-01T19:15:05+02:00
BOX 10x Probios Biscotti Vegan Con Gocce di Cioccolato Biologico gr.250,https://www.savethefoods.it/prodotto/box-10x-probios-biscotti-vegan-con-gocce-di-cioccolato-biologico-gr-250/,Biologici | Caffè Colazione e Dolci | Le Novità | Vegani,True,5 disponibili,14.9,41.5,64,Preferibilmente Entro 12/10/2026,100 g,434.0,,14.0,,3.3,,68.0,,24.0,,6.6,,,,0.5,,1.52074,,2.12121,35.29412,"*farina di GRANO 34%, *zucchero di canna, *farina di riso, *olio di semi di girasole, *gocce di cioccolato 7% (*pasta di cacao, *zucchero di canna, *burro di cacao, emulsionante: *lecitina di girasole), *cruschello di GRANO 5%, *fecola di patate, *succo concentrato di datteri, *olio di karite, addensante:’*gomma arabica, agenti lievitanti (carbonati di ammonio, tartrati di potassio, carbonati di sodio), *riso germogliato, sale, aroma naturale di vaniglia, antiossidante: *estratti di rosmarino. *biologico. Può contenere tracce di soia, frutta a guscio e senape.",,https://www.savethefoods.it/wp-content/uploads/2026/09/BOX-10x-Probios-Biscotti-Vegan-Con-Gocce-di-Cioccolato-Biologico-gr.250.jpeg,descrizione,"Valori nutrizionali (per 100 g) : – Energia: 1823 kJ / 434 kcal – Grassi: 14 g – di cui saturi: 3,3 g – Carboidrati: 68 g – di cui zuccheri: 24 g – Proteine: 6,6 g – Sale: 0,50 g",2026-10-01T19:15:07+02:00
BOX 12x Valle del Crati Confettura Extra di Fichi gr.230,https://www.savethefoods.it/prodotto/box-12x-valle-del-crati-confettura-extra-di-fichi-gr-230/,Caffè Colazione e Dolci | Le Novità,True,13 disponibili,32.9,54.0,39,Preferibilmente Entro 31/12/2027,100 g,155.0,,0.0,,0.0,,37.0,,37.0,,0.6,,2.2,,0.0,,0.3871,1.41935,0.0,100.0,"Fichi freschi della Valle del Crati (76,1%), zucchero. Acidificante : Acido citrico.",,https://www.savethefoods.it/wp-content/uploads/2026/09/WhatsApp-Image-2025-06-23-at-15.56.28.jpeg,descrizione,Valori nutrizionali (per 100 g) : – Energia: 657 kJ / 155 kcal – Grassi: 0 g – di cui saturi: 0 g – Carboidrati: 37 g – di cui zuccheri: 37 g – Proteine: 0.6 g – Fibre: 2.2 g – Sale: 0 g,2026-10-01T19:15:03+02:00
BOX 14x Giusto Comby Break Crema al Latte gr.26,https://www.savethefoods.it/prodotto/box-14x-giusto-comby-break-crema-al-latte-gr-26/,Senza categoria,True,7 disponibili,12.9,48.86,74,Preferibilmente Entro 29/11/2026,100 g,502.0,,23.0,,4.1,,62.0,,54.0,,10.0,,0.7,,0.29,,1.99203,0.13944,2.3,87.09677,"Zucchero, latte scremato in polvere 21,6%, olio di semi di girasole alto oleico, farina di riso, fecola di patate, burro di cacao, proteine del latte 2%, amido di mais, cacao magro in polvere, emulsionanti: lecitina di girasole; aroma: vanillina; agenti lievitanti: bicarbonato di sodio, bicarbonato di ammonio. Prodotto in uno stabilimento che tratta frutta a guscio (nocciole, pistacchi, mandorle), uova e soia e quindi il prodotto può contenerne.",,https://www.savethefoods.it/wp-content/uploads/2026/09/BOX-14x-Giusto-Comby-Break-Crema-al-Latte-gr.26.jpeg,descrizione,"Valori nutrizionali (per 100 g) : – Energia: 2103 kJ / 502 kcal – Grassi: 23 g – di cui saturi: 4,1 g – Carboidrati: 62 g – di cui zuccheri: 54 g – Proteine: 10 g – Fibre: 0,7 g– Sale: 0,29 g",2026-10-01T19:15:06+02:00
BOX 18x Natruly Chocolicious al Latte Biologica gr.85,https://www.savethefoods.it/prodotto/box-18x-natruly-chocolicious-al-latte-biologica-gr-85/,Biologici | Caffè Colazione e Dolci | Le Novità | Senza Glutine,True,3 disponibili,29.9,63.0,53,Preferibilmente Entro 31/12/2026,100 g,562.0,,45.0,,27.0,,17.0,,14.0,,12.0,,20.0,,0.3,,2.13523,3.55872,3.75,82.35294,"*burro di cacao, *LATTE scremato in polvere, *inulina da agave, *pasta di cacao, emulsionante: *lecitina di girasole, sale. cacao secco 52% min. Solidi secchi del latte 25%. *Biologico Può contenere tracce di Arachidi, frutta a guscio e semi di sesamo.",,https://www.savethefoods.it/wp-content/uploads/2026/09/BOX-18x-Natruly-Chocolicious-al-Latte-Biologica-gr.85.jpeg,descrizione,"Valori nutrizionali (per 100 g) : – Energia: 2322 kJ / 562 kcal – Grassi: 45 g – di cui saturi: 27 g – Carboidrati: 17 g – di cui zuccheri: 14 g – Proteine: 12 g – Fibre: 20 g – Sale: 0,3 g",2026-10-01T19:15:06+02:00
BOX 18x Natruly Chocolicious al Latte e Mandorle Biologica gr.85,https://www.savethefoods.it/prodotto/box-18x-natruly-chocolicious-al-latte-e-mandorle-biologica-gr-85/,Biologici | Caffè Colazione e Dolci | Le Novità | Senza Glutine,True,4 disponibili,29.9,74.7,60,Preferibilmente Entro 31/12/2026,100 g,564.0,,45.0,,25.0,,16.0,,13.0,,12.0,,19.0,,0.49,,2.12766,3.36879,3.75,81.25,"*burro di cacao, *LATTE scremato in polvere, *inulina da agave, *pasta di cacao, *pezzetti di MANDORLE 10%, emulsionante: *lecitina di girasole, sale. cacao secco 52% min. Solidi secchi del latte 26%. *Biologico Può contenere tracce di Arachidi, frutta a guscio e semi di sesamo.",,https://www.savethefoods.it/wp-content/uploads/2026/09/WhatsApp-Image-2025-09-29-at-16.48.47.jpeg,descrizione,Valori nutrizionali (per 100 g) : – Energia: 2311 kJ / 564 kcal – Grassi: 45 g – di cui saturi: 25 g – Carboidrati: 16 g – di cui zuccheri: 13 g – Proteine: 12 g – Fibre: 19 g – Sale: 0.49g,2026-10-01T19:15:06+02:00
BOX 20x Bandito Crackers Original 3x60gr.,https://www.savethefoods.it/prodotto/box-20x-bandito-crackers-original-3x60gr/,Farine e Snack Salati | Le Novità,True,13 disponibili,16.9,37.8,55,Preferibilmente Entro 21/10/2026,100 g,474.0,,18.0,,1.7,,69.0,,10.0,,9.0,,,,1.6,,1.89873,,2.0,14.49275,"farina di grano, olio di girasole, zucchero, agenti lievitanti (E503, E450, E500), 1,4% sale, conservante (E223), emulsionante (lecitina di soia), correttore di acidità (E270). Può contenere: frutta a guscio, arachidi, semi di sesamo, orzo, latte, uova.",,https://www.savethefoods.it/wp-content/uploads/2026/09/Bandito-Crackers-Original-3x60gr.-3.jpeg,descrizione,"Valori nutrizionali (per 100 g) : – Energia: 1987 kJ / 474 kcal – Grassi: 18 g – di cui saturi: 1,7 g – Carboidrati: 69 g – di cui zuccheri: 10 g – Proteine: 9,0 g – Sale: 1,6 g",2026-10-01T19:15:08+02:00
BOX 20x Bandito Crackers Paprika 3x60gr.,https://www.savethefoods.it/prodotto/box-20x-bandito-crackers-paprika-3x60gr/,Farine e Snack Salati | Le Novità,True,14 disponibili,16.9,37.8,55,Preferibilmente Entro 28/10/2026,100 g,469.0,,18.0,,1.7,,68.0,,9.9,,8.9,,,,1.7,,1.89765,,2.02247,14.55882,"farina di grano, olio di girasole, zucchero, agenti lievitanti (E503, E450, E500), 1,4% sale, conservante (E223), emulsionante (lecitina di soia), paprika in polvere, correttore di acidità (E270). Può contenere: frutta a guscio, arachidi, semi di sesamo, orzo, latte, uova.",,https://www.savethefoods.it/wp-content/uploads/2026/09/Bandito-Crackers-Paprika-3x60gr.jpeg,descrizione,"Valori nutrizionali (per 100 g) : – Energia: 1965 kJ / 469 kcal – Grassi: 18 g – di cui saturi: 1,7 g – Carboidrati: 68 g – di cui zuccheri: 9,9 g – Proteine: 8,9 g – Sale: 1,7 g",2026-10-01T19:15:08+02:00
BOX 24x Borges Mix Fritto e Salato gr.40,https://www.savethefoods.it/prodotto/box-24x-borges-mix-fritto-e-salato-gr-40/,Farine e Snack Salati | Le Novità,True,18 disponibili,7.9,23.76,67,Preferibilmente Entro 31/10/2026,100 g,541.0,,34.0,,4.9,,35.0,,3.2,,21.0,,5.3,,1.7,,3.8817,0.97967,1.61905,9.14286,"Mais fritto salato, arachidi fritte salate senza pelle, arachidi fritte salate con pelle, ceci tostati, fave fritte salate, olio vegetale di girasole e sale.",,https://www.savethefoods.it/wp-content/uploads/2026/09/Borges-Mix-Fritto-e-Salato-gr.40-box.jpeg,descrizione,"Valori nutrizionali (per 100 g) : – Energia: 2252 kJ / 541 kcal – Grassi: 34 g – di cui saturi: 4,9 g – Carboidrati: 35 g – di cui zuccheri: 3,2 g – Proteine: 21 g – Fibre: 5,3 g – Sale: 1,7 g",2026-10-01T19:15:05+02:00
BOX 32x Cuetara Krit Crackers Paprika Piccante gr.100,https://www.savethefoods.it/prodotto/box-32x-cuetara-krit-crackers-paprika-piccante-gr-100/,Farine e Snack Salati | Le Novità,True,8 disponibili,27.9,48.0,42,Preferibilmente Entro 31/05/2027,,,,,,,,,,,,,,,,,,,,,,"Farina di FRUMENTO Oli vegetali (girasole alto oleico e palma) Estratto di malto d’ORZO Zucchero Paprika (0,9%) Sciroppo di glucosio-fruttosio Sale Agenti lievitanti (carbonato di ammonio, carbonato di sodio) Sale minerale di potassio Aroma Lievito Colore (estratto di paprica) Agenti di trattamento della farina (METABISOLFITO disodio) Può contenere latte, senape, soia e uova.",,https://www.savethefoods.it/wp-content/uploads/2026/09/BOX-32x-Cuetara-Krit-Crackers-Paprika-Piccante-gr.100.jpeg,,,2026-10-01T19:15:05+02:00
BOX 8x Giusto Cubì Wafer con Crema al Cacao Senza Glutine gr.250,https://www.savethefoods.it/prodotto/box-8x-giusto-cubi-wafer-con-crema-al-cacao-senza-glutine-gr-250/,Caffè Colazione e Dolci | Le Novità | Senza Glutine,True,13 disponibili,18.9,52.0,64,Preferibilmente Entro 10/12/2026,100 g,512.0,,25.9,,23.1,,62.3,,25.0,,4.9,,5.0,,0.25,<,0.95703,0.97656,5.28571,40.12841,"zucchero, olio di cocco, fecola di patate, sciroppo di glucosio, cacao magro in polvere 9%, farina di riso, latte scremato in polvere senza lattosio, emulsionante: lecitina di soia; addensante: farina di guar; sale, agente lievitante: sodio bicarbonato; nocciole, aroma naturale. Può contenere frutta a guscio",,https://www.savethefoods.it/wp-content/uploads/2026/09/Giusto-Cubi-Wafer-con-Crema-al-Cacao-Senza-Glutine-gr.250.jpeg,descrizione,Valori nutrizionali (per 100 g) : – Energia: 2142 kJ / 512 kcal – Grassi: 25.9 g – di cui saturi: 23.1 g – Carboidrati: 62.3 g – di cui zuccheri: 25 g – Proteine: 4.9 g – Fibre: 5.0 g – Sale: <0.25 g,2026-10-01T19:15:06+02:00
BOX 8x Tuc Bake Rolls Gusto Aglio e Formaggio gr.150,https://www.savethefoods.it/prodotto/box-8x-tuc-bake-rolls-gusto-aglio-e-formaggio-gr-150/,Farine e Snack Salati | Le Novità,True,9 disponibili,6.9,14.32,52,Preferibilmente Entro 16/10/2026,100 g,441.0,,15.0,,1.8,,62.0,,3.8,,13.0,,2.8,,1.5,,2.94785,0.63492,1.15385,6.12903,"farina di grano, 13% olio di girasole, glutine di grano, ano, zuc zucchero, 1,5% formaggio Parmigiano Reggiano, sale lodato, lievito, siero di latte permeato (latte), emulsionante (E481), cipolla disidratata. aroma naturale, farina di fave, 0,03% formaggio in polvere, prezzemolo, estratto di lievito, 0,03% aglio in polvere, agente di trattamento della farina (E300, E920), amido di grano, acidificanti (E270, E327). Può contenere: uova, arachidi, frutta a guscio.",,https://www.savethefoods.it/wp-content/uploads/2026/09/BOX-8x-Tuc-Bake-Rolls-Gusto-Aglio-e-Formaggio-gr.150.jpeg,descrizione,"Valori nutrizionali (per 100 g) : – Energia: 1853 kJ / 441 kcal – Grassi: 15 g – di cui saturi: 1,8 g – Carboidrati: 62 g – di cui zuccheri: 3,8 g – Proteine: 13 g – Fibre: 2,8 g – Sale: 1,5 g",2026-10-01T19:15:08+02:00
Camon Dental Vegetal Snacks Cactus Mix gr.90,https://www.savethefoods.it/prodotto/camon-dental-vegetal-snacks-cactus-mix-gr-90/,Le Novità | Pet Food,True,97 disponibili,2.49,4.99,50,Preferibilmente Entro 20/12/2026,,,,,,,,,,,,,,,,,,,,,,,,https://www.savethefoods.it/wp-content/uploads/2026/09/Camon-Dental-Vegetal-Snacks-Cactus-Mix-gr.90.jpeg,,,2026-10-01T19:15:03+02:00
Camon Dental Vegetal Snacks Carota gr.60,https://www.savethefoods.it/prodotto/camon-dental-vegetal-snacks-carota-gr-60/,Le Novità | Pet Food,True,192 disponibili,1.9,3.99,52,Preferibilmente Entro 20/12/2026,,,,,,,,,,,,,,,,,,,,,,,,https://www.savethefoods.it/wp-content/uploads/2026/09/Camon-Dental-Vegetal-Snacks-Carota-gr.60-2.jpeg,,,2026-10-01T19:15:04+02:00
Camon Treats & Snacks Pesciolini di Salmone Pollo e Patata Dolce gr.60,https://www.savethefoods.it/prodotto/camon-treats-snacks-pesciolini-di-salmone-pollo-e-patata-dolce-gr-60/,Le Novità | Pet Food | ULTIMA CHIAMATA,True,217 disponibili,1.49,2.99,50,Preferibilmente Entro 17/10/2026,,,,,,,,,,,,,,,,,,,,,,,,https://www.savethefoods.it/wp-content/uploads/2026/09/Camon-Treats-Snacks-Pesciolini-di-Salmone-Pollo-e-Patata-Dolce-gr.60.jpeg,,,2026-10-01T19:15:03+02:00
Camon Treats & Snacks Waffle in Mix di Gusti gr.105,https://www.savethefoods.it/prodotto/camon-treats-snacks-waffle-in-mix-di-gusti-gr-105/,Le Novità | Pet Food,True,111 disponibili,2.5,4.99,50,Preferibilmente Entro 05/11/2026,,,,,,,,,,,,,,,,,,,,,,,,https://www.savethefoods.it/wp-content/uploads/2026/09/Camon-Treats-Snacks-Waffle-in-Mix-di-Gusti-gr.105.jpeg,,,2026-10-01T19:15:03+02:00
Cantine CasaBella Roberto Riga Rosè cl.75,https://www.savethefoods.it/prodotto/cantine-casabella-roberto-riga-rose-cl-75/,Le Novità | Vini,True,7 disponibili,3.35,4.9,32,,,,,,,,,,,,,,,,,,,,,,,,,https://www.savethefoods.it/wp-content/uploads/2026/09/WhatsApp-Image-2025-09-26-at-12.40.43-1.jpeg,,,2026-10-01T19:15:02+02:00
Cuetara Krit Crackers Paprika Piccante gr.100,https://www.savethefoods.it/prodotto/cuetara-krit-crackers-paprika-piccante-gr-100/,Farine e Snack Salati | Le Novità,True,264 disponibili,0.89,1.5,41,Preferibilmente Entro 31/05/2027,,,,,,,,,,,,,,,,,,,,,,"Farina di FRUMENTO Oli vegetali (girasole alto oleico e palma) Estratto di malto d’ORZO Zucchero Paprika (0,9%) Sciroppo di glucosio-fruttosio Sale Agenti lievitanti (carbonato di ammonio, carbonato di sodio) Sale minerale di potassio Aroma Lievito Colore (estratto di paprica) Agenti di trattamento della farina (METABISOLFITO disodio) Può contenere latte, senape, soia e uova.",,https://www.savethefoods.it/wp-content/uploads/2026/09/Cuetara-Krit-Crackers-Paprika-Piccante-gr.100.jpeg,,,2026-10-01T19:15:05+02:00
Cuetara Krit Krititas Biscotti Salati gr.40,https://www.savethefoods.it/prodotto/cuetara-krit-krititas-biscotti-salati-gr-40/,Farine e Snack Salati | Le Novità,True,349 disponibili,0.59,1.29,54,Preferibilmente Entro 30/11/2026,100 g,505.0,,26.0,,2.6,,60.0,,8.7,,6.5,,2.5,,1.7,,1.28713,0.49505,4.0,14.5,"Farina di frumento, olio di palma, zucchero, sciroppo di glucosio e fruttosio, estratto di malto d’orzo, sale, agenti lievitanti (carbonati di ammonio, carbonati di sodio), regolatore di acidità (fosfati di calcio), sale minerale di potassio, lievito, agente di trattamento della farina (metabisolfito di sodio).",,https://www.savethefoods.it/wp-content/uploads/2026/09/Cuetara-Krit-Krititas-Biscotti-Salati-gr.40-2.jpeg,descrizione,"Valori nutrizionali (per 100 g) : – Energia: 2113 kJ / 505 kcal – Grassi: 26 g – di cui saturi: 2,6 g – Carboidrati: 60 g – di cui zuccheri: 8,7 g – Proteine: 6,5 g – Fibre: 2,5 g– Sale: 1,7 g",2026-10-01T19:15:05+02:00
Dammann Freres Coffret Atlas gr.150,https://www.savethefoods.it/prodotto/dammann-freres-coffret-atlas-gr-150/,Caffè Colazione e Dolci | Le Novità,True,15 disponibili,25.9,66.0,61,Preferibilmente Entro 30/09/2026,,,,,,,,,,,,,,,,,,,,,,,,https://www.savethefoods.it/wp-content/uploads/2026/09/Dammann-Freres-Coffret-Atlas-gr.150.jpeg,,,2026-10-01T19:15:04+02:00
Domori Crema Pistacchio al 20% Senza Glutine gr.200,https://www.savethefoods.it/prodotto/domori-crema-pistacchio-al-20-senza-glutine-gr-200/,Caffè Colazione e Dolci | Le Novità | Senza Glutine,True,48 disponibili,6.9,19.69,65,Preferibilmente Entro 30/09/2026,100 g,594.0,,42.0,,19.0,,45.0,,44.0,,8.0,,,,0.12,,1.3468,,5.25,97.77778,"zucchero di canna, grassi vegetali (olio di girasole, burro di cacao, olio di cartamo), pistacchi 20%, latte in polvere, emulsionante: lecitina di soia, sale. Può contenere tracce di frutta a guscio. SENZA GLUTINE",,https://www.savethefoods.it/wp-content/uploads/2026/09/Domori-Crema-Pistacchio-al-20-Senza-Glutine-gr.200-2.jpeg,descrizione,"Valori nutrizionali (per 100 g) : – Energia: 2471 kJ / 594 kcal – Grassi: 42 g – di cui saturi: 19 g – Carboidrati: 45 g – di cui zuccheri: 44 g – Proteine: 8 g – Sale: 0,12 g",2026-10-01T19:15:04+02:00
Domori Quantum Pistacchio gr.500,https://www.savethefoods.it/prodotto/domori-quantum-pistacchio-gr-500/,Caffè Colazione e Dolci | Le Novità,True,39 disponibili,18.9,49.0,61,Preferibilmente Entro 31/10/2026,100 g,609.0,,45.0,,21.0,,41.0,,40.5,,9.0,,,,0.03,,1.47783,,5.0,98.78049,"zucchero di canna, burro di cacao, pistacchi salati 20%, latte in polvere, estratto di Vaniglia, emulsionante: lecitina di soia. SENZA GLUTINE.",,https://www.savethefoods.it/wp-content/uploads/2026/09/WhatsApp-Image-2025-09-08-at-16.16.51-1.jpeg,descrizione,Valori nutrizionali (per 100 g) : – Energia: 2531 kJ / 609 kcal – Grassi: 45 g – di cui saturi: 21 g – Carboidrati: 41 g – di cui zuccheri: 40.5 g – Proteine: 9 g – Sale: 0.03 g,2026-10-01T19:15:05+02:00
Domori Snack Cioccolato Bianco e Noci Pecan gr.35,https://www.savethefoods.it/prodotto/domori-snack-cioccolato-bianco-e-noci-pecan-gr-35/,Caffè Colazione e Dolci | Le Novità,True,161 disponibili,1.29,2.9,56,Preferibilmente Entro 31/10/2026,100 g,588.0,,42.0,,20.0,,44.0,,44.0,,8.0,,,,0.4,,1.36054,,5.25,100.0,"Cioccolato bianco al caramello 85% (zucchero, burro di cacao, latte intero in polvere, lattosio, latte scremato in polvere, siero di latte in polvere, burro vaccino anidro, zucchero caramellizzato (1%), emulsionante: lecitina di soia, aroma naturale), granella di noci Pecan 15%",,https://www.savethefoods.it/wp-content/uploads/2026/09/WhatsApp-Image-2025-09-08-at-16.26.43-1.jpeg,descrizione,Valori nutrizionali (per 100 g) : – Energia: 2446 kJ / 588 kcal – Grassi: 42 g – di cui saturi: 20 g – Carboidrati: 44 g – di cui zuccheri: 44 g – Proteine: 8 g – Sale: 0.4 g,2026-10-01T19:15:05+02:00
Domori Snack Cioccolato Bianco e Noci Pecan gr.75,https://www.savethefoods.it/prodotto/domori-snack-cioccolato-bianco-e-noci-pecan-gr-75/,Caffè Colazione e Dolci | Le Novità,True,51 disponibili,1.99,5.0,60,Preferibilmente Entro 31/10/2026,100 g,588.0,,42.0,,20.0,,44.0,,44.0,,8.0,,,,0.4,,1.36054,,5.25,100.0,"Cioccolato bianco al caramello 85% (zucchero, burro di cacao, latte intero in polvere, lattosio, latte scremato in polvere, siero di latte in polvere, burro vaccino anidro, zucchero caramellizzato (1%), emulsionante: lecitina di soia, aroma naturale), granella di noci Pecan 15%",,https://www.savethefoods.it/wp-content/uploads/2026/09/WhatsApp-Image-2025-09-09-at-14.31.20-1.jpeg,descrizione,Valori nutrizionali (per 100 g) : – Energia: 2446 kJ / 588 kcal – Grassi: 42 g – di cui saturi: 20 g – Carboidrati: 44 g – di cui zuccheri: 44 g – Proteine: 8 g – Sale: 0.4 g,2026-10-01T19:15:05+02:00
Domori Snack Cioccolato Gianduja e Granella di Nocciole gr.35,https://www.savethefoods.it/prodotto/domori-snack-cioccolato-gianduja-e-granella-di-nocciole-gr-35/,Caffè Colazione e Dolci | Le Novità | Senza Glutine,True,154 disponibili,1.29,2.9,56,Preferibilmente Entro 31/10/2026,100 g,572.0,,38.0,,15.0,,50.0,,47.0,,6.0,,,,0.02,,1.04895,,6.33333,94.0,"Cioccolato al latte e alle nocciole gianduia 85% (Cacao min. 35%. Zucchero, pasta di nocciole Piemonte IGP, burro di cacao, massa di cacao (di cui massa di cacao Criollo 4.5%), latte in polvere 10%, emulsionante: lecitina di girasole), granella di nocciole 15% (nocciole, zucchero).",,https://www.savethefoods.it/wp-content/uploads/2026/09/WhatsApp-Image-2025-09-12-at-15.44.16.jpeg,descrizione,Valori nutrizionali (per 100 g) : – Energia: 2382 kJ / 572 kcal – Grassi: 38 g – di cui saturi: 15 g – Carboidrati: 50 g – di cui zuccheri: 47 g – Proteine: 6 g – Sale: 0.02 g,2026-10-01T19:15:05+02:00
Domori Tavoletta Antologia Cioccolato Gianduja e Nocciole Piemontesi gr.75,https://www.savethefoods.it/prodotto/domori-tavoletta-antologia-cioccolato-gianduja-e-nocciole-piemontesi-gr-75/,Caffè Colazione e Dolci | Le Novità,True,43 disponibili,1.69,5.0,66,Preferibilmente Entro 31/10/2026,100 g,612.0,,48.0,,15.0,,34.0,,32.0,,9.0,,,,0.01,,1.47059,,5.33333,94.11765,"Cioccolato al latte alle nocciole gianduia 80 % (Cacao min. 35%. Zucchero, pasta di nocciole Piemonte IGP, burro di cacao, massa di cacao (di cui massa di cacao Criollo 4.5%), latte in polvere 10%, emulsionante: lecitina di girasole), nocciole Piemonte IGP (20%). Può contenere tracce di latte, soia e altra frutta a guscio. GLUTEN FREE.",,https://www.savethefoods.it/wp-content/uploads/2026/09/WhatsApp-Image-2025-09-08-at-16.04.52-1.jpeg,descrizione,Valori nutrizionali (per 100 g) : – Energia: 2539 kJ / 612 kcal – Grassi: 48 g – di cui saturi: 15 g – Carboidrati: 34 g – di cui zuccheri: 32 g – Proteine: 9 g – Sale: 0.01 g,2026-10-01T19:15:05+02:00
Edulè Nettare di Mirtillo ml.750,https://www.savethefoods.it/prodotto/edule-nettare-di-mirtillo-ml-750/,Le Novità | Succhi e Bibite Analcoliche,True,5 disponibili,9.9,11.9,17,Preferibilmente Entro 16/06/2027,100 ml,56.0,,0.1,,0.0,,14.0,,14.0,,0.6,,,,0.008,,1.07143,,0.16667,100.0,"mirtilli (52%), acqua, zucchero, succo di limone.",,https://www.savethefoods.it/wp-content/uploads/2026/09/Edule-Nettare-di-Mirtillo-ml.750-3.jpeg,descrizione,"Valori nutrizionali (per 100 ml) : – Energia: 234 kJ / 56 kcal – Grassi: 0,10 g – di cui saturi: 0 g – Carboidrati: 14 g – di cui zuccheri: 14 g – Proteine: 0,6 g – Sale: 0,008 g",2026-10-01T19:15:04+02:00
Edulè Salsa di Avocado con Cipolla Rossa gr.180,https://www.savethefoods.it/prodotto/edule-salsa-di-avocado-con-cipolla-rossa-gr-180/,Le Novità | Sughi e scatolame,True,10 disponibili,5.69,5.9,4,Preferibilmente Entro 11/06/2028,100 ml,305.0,,31.0,,0.14,,4.2,,3.9,,3.0,,,,1.6,,0.98361,,10.33333,92.85714,"polpa di avocado (56%), olio di extravergine d’oliva, olio di semi di girasole, cipolla rossa, succo di limone, sale, pepe nero, peperoncino piccante, coriandolo.",,https://www.savethefoods.it/wp-content/uploads/2026/09/Edule-Salsa-di-Avocado-con-Cipolla-Rossa-gr.180.jpeg,descrizione,"Valori nutrizionali (per 100 ml) : – Energia: 1276 kJ / 305 kcal – Grassi: 31 g – di cui saturi: 0,14 g – Carboidrati: 4,20 g – di cui zuccheri: 3,90 g – Proteine: 3 g – Sale: 1,60 g",2026-10-01T19:15:04+02:00
Edulè Succo di Arancia 100% Frutta ml.200,https://www.savethefoods.it/prodotto/edule-succo-di-arancia-100-frutta-ml-200-2/,Le Novità | Succhi e Bibite Analcoliche,True,2 disponibili,1.99,2.5,20,Preferibilmente Entro 31/12/2027,100 ml,67.0,,0.17,,0.15,,16.0,,16.0,,0.35,,5.7,,0.002,,0.52239,8.50746,0.48571,100.0,succo e polpa di Arancia,,https://www.savethefoods.it/wp-content/uploads/2026/09/WhatsApp-Image-2025-11-19-at-14.26.20.jpeg,descrizione,Valori nutrizionali (per 100 ml) : – Energia: 280 kJ / 67 kcal – Grassi: 0.17 g – di cui saturi: 0.15 g – Carboidrati: 16 g – di cui zuccheri: 16 g – Proteine: 0.35 g – Fibre: 5.7 g – Sale: 0.002 g,2026-10-01T19:15:04+02:00
Edulè Succo di Arancia 100% Frutta ml.750,https://www.savethefoods.it/prodotto/edule-succo-di-arancia-100-frutta-ml-750-2/,Le Novità | Succhi e Bibite Analcoliche,True,10 disponibili,4.99,5.61,11,Preferibilmente Entro 31/12/2027,100 ml,67.0,,0.17,,0.15,,16.0,,16.0,,0.35,,5.7,,0.002,,0.52239,8.50746,0.48571,100.0,succo e polpa di Arancia,,https://www.savethefoods.it/wp-content/uploads/2026/09/WhatsApp-Image-2025-11-19-at-13.03.09-1.jpeg,descrizione,Valori nutrizionali (per 100 ml) : – Energia: 280 kJ / 67 kcal – Grassi: 0.17 g – di cui saturi: 0.15 g – Carboidrati: 16 g – di cui zuccheri: 16 g – Proteine: 0.35 g – Fibre: 5.7 g – Sale: 0.002 g,2026-10-01T19:15:04+02:00
Edulè Succo di Clementine 100% Frutta ml.200,https://www.savethefoods.it/prodotto/edule-succo-di-clementine-100-frutta-ml-200/,Le Novità | Succhi e Bibite Analcoliche,True,46 disponibili,2.49,2.95,16,Preferibilmente Entro 31/12/2027,100 ml,44.0,,0.1,,0.0,,10.0,,10.0,,0.7,,0.2,,0.0,,1.59091,0.45455,0.14286,100.0,succo di clementine 100%,,https://www.savethefoods.it/wp-content/uploads/2026/09/Edule-Succo-di-Clementine-100-Frutta-ml.200-3.jpeg,descrizione,"Valori nutrizionali (per 100 ml) : – Energia: 187 kJ / 44 kcal – Grassi: 0,10 g – di cui saturi: 0,0 g – Carboidrati: 10 g – di cui zuccheri: 10 g – Proteine: 0,70 g – Fibre: 0,20 g – Sale: 0 g",2026-10-01T19:15:04+02:00
Edulè Succo di Fico d’India 100% Frutta ml.200,https://www.savethefoods.it/prodotto/edule-succo-di-fico-dindia-100-frutta-ml-200/,Le Novità | Succhi e Bibite Analcoliche,True,9 disponibili,2.49,2.75,9,Preferibilmente Entro 30/09/2027,100 ml,50.0,,0.1,,0.0,,12.3,,12.3,,0.76,,3.65,,0.01,,1.52,7.3,0.13158,100.0,succo di fico d’india 100%,,https://www.savethefoods.it/wp-content/uploads/2026/09/Edule-Succo-di-Fico-dIndia-100-Frutta-ml.200.jpeg,descrizione,"Valori nutrizionali (per 100 ml) : – Energia: 210 kJ / 50 kcal – Grassi: 0,10 g – di cui saturi: 0 g – Carboidrati: 12,3 g – di cui zuccheri: 12,3 g – Proteine: 0,76 g – Fibre: 3,65 g – Sale: 0,01 g",2026-10-01T19:15:04+02:00
Fior di Loto Arachidi Dorate Biologiche gr.200,https://www.savethefoods.it/prodotto/fior-di-loto-arachidi-dorate-biologiche-gr-200/,Biologici | Farine e Snack Salati | Le Novità | ULTIMA CHIAMATA,True,341 disponibili,1.29,3.99,68,Preferibilmente Entro 30/09/2026,100 g,620.0,,50.0,,7.4,,9.0,,5.7,,30.0,,7.0,,2.5,,4.83871,1.12903,1.66667,63.33333,"Arachidi* 97,5%, sale 2,3%. *biologico Può contenere frutta a guscio.",,https://www.savethefoods.it/wp-content/uploads/2026/09/Fior-di-Loto-Arachidi-Dorate-Biologiche-gr.200-2.jpeg,descrizione,"Valori nutrizionali (per 100 g) : – Energia: 2569 kJ / 620 kcal – Grassi: 50 g – di cui saturi: 7,4 g – Carboidrati: 9 g – di cui zuccheri: 5,7 g – Proteine: 30 g – Fibre: 7,0 g – Sale: 2,5 g",2026-10-01T19:15:04+02:00
Fior di Loto Crunchy Biologico al Cacao con Fragole gr.375,https://www.savethefoods.it/prodotto/fior-di-loto-crunchy-biologico-al-cacao-con-fragole-gr-375/,Biologici | Caffè Colazione e Dolci | Le Novità,True,42 disponibili,3.99,6.59,39,Preferibilmente Entro 11/11/2026,100 g,462.0,,19.0,,5.2,,59.0,,19.0,,9.4,,8.5,,0.02,,2.03463,1.83983,2.02128,32.20339,"Fiocchi integrali di avena* 61%, sciroppo d’agave* 13%, sciroppo di mais* 13%, olio di girasole*, cocco rapè*, cacao in polvere* 3,1%, farro soffiato* (contiene glutine), fragole liofilizzate* 2,5%. (*da agricoltura biologica) – Agricoltura UE/ non UE Può contenere tracce di latte, frutta a guscio e semi di sesamo.",,https://www.savethefoods.it/wp-content/uploads/2026/09/Fior-di-Loto-Crunchy-Biologico-al-Cacao-con-Fragole-gr.375-1.png,descrizione,"Valori nutrizionali (per 100 g) : – Energia: 1934 kJ / 462 kcal – Grassi: 19 g – di cui saturi: 5,2 g – Carboidrati: 59 g – di cui zuccheri: 19 g – Proteine: 9,4 g – Fibre: 8,5 g – Sale: 0,02 g",2026-10-01T19:15:05+02:00
Fior di Loto Mandorle Sgusciate e Pelate Biologiche gr.500,https://www.savethefoods.it/prodotto/fior-di-loto-mandorle-sgusciate-e-pelate-biologiche-gr-500-2/,Biologici | Le Novità | Sughi e scatolame,True,75 disponibili,6.9,18.9,63,Preferibilmente Entro 31/10/2026,100 g,616.0,,53.0,,3.9,,8.8,,4.6,,21.0,,9.9,,0.05,,3.40909,1.60714,2.52381,52.27273,Mandorle* pelate sgusciate e pelate .* Biologico Può contenere arachidi e altra frutta a guscio.,,https://www.savethefoods.it/wp-content/uploads/2026/09/Fior-di-Loto-Mandorle-Sgusciate-e-Pelate-Biologiche-gr.500-3.jpeg,descrizione,"Valori nutrizionali (per 100 g) : – Energia: 2547 kJ / 616 kcal – Grassi: 53 g – di cui saturi: 3,9 g – Carboidrati: 8,8 g – di cui zuccheri: 4,6 g – Proteine: 21 g – Fibre: 9,9 g – Sale: 0,05 g",2026-10-01T19:15:06+02:00
Fior di Loto Mandorle Sgusciate e Tostate Biologiche gr.500,https://www.savethefoods.it/prodotto/fior-di-loto-mandorle-sgusciate-e-tostate-biologiche-gr-500/,Biologici | Le Novità | Sughi e scatolame,True,64 disponibili,5.9,13.9,58,Preferibilmente Entro 31/10/2026,100 g,602.0,,51.0,,3.8,,9.2,,4.4,,21.0,,11.0,,0.0,,3.48837,1.82724,2.42857,47.82609,mandorle sgusciate*. *Biologico Può contenere arachidi e altra frutta a guscio.,,https://www.savethefoods.it/wp-content/uploads/2026/09/Fior-di-Loto-Mandorle-Sgusciate-e-Tostate-Biologiche-gr.500.jpeg,descrizione,"Valori nutrizionali (per 100 g) : – Energia: 2488 kJ / 602 kcal – Grassi: 51 g – di cui saturi: 3,8 g – Carboidrati: 9,2 g – di cui zuccheri: 4,4 g – Proteine: 21 g – Fibre: 11 g – Sale: 0,00 g",2026-10-01T19:15:06+02:00
Fior di Loto Mandorle Sgusciate Pelate e Tostate Biologiche gr.500,https://www.savethefoods.it/prodotto/fior-di-loto-mandorle-sgusciate-pelate-e-tostate-biologiche-gr-500-2/,Biologici | Farine e Snack Salati | Le Novità,True,197 disponibili,6.9,18.9,63,Preferibilmente Entro 31/10/2026,100 g,616.0,,53.0,,3.9,,8.8,,4.6,,21.0,,9.9,,0.05,,3.40909,1.60714,2.52381,52.27273,Mandorle* pelate sgusciate e pelate .* Biologico Può contenere arachidi e altra frutta a guscio.,,https://www.savethefoods.it/wp-content/uploads/2026/09/Fior-di-Loto-Mandorle-Sgusciate-Pelate-e-Tostate-Biologiche-gr.500.jpeg,descrizione,"Valori nutrizionali (per 100 g) : – Energia: 2547 kJ / 616 kcal – Grassi: 53 g – di cui saturi: 3,9 g – Carboidrati: 8,8 g – di cui zuccheri: 4,6 g – Proteine: 21 g – Fibre: 9,9 g – Sale: 0,05 g",2026-10-01T19:15:06+02:00
Fior di Loto Nocciole Sgusciate Pelate e Tostate gr.500,https://www.savethefoods.it/prodotto/fior-di-loto-nocciole-sgusciate-pelate-e-tostate-gr-500/,Biologici | Le Novità | Sughi e scatolame,True,123 disponibili,10.9,33.48,67,Preferibilmente Entro 31/10/2026,100 g,670.0,,62.0,,4.5,,8.2,,4.9,,15.0,,9.4,,0.0,,2.23881,1.40299,4.13333,59.7561,nocciole sgusciate*. *Biologico Può contenere arachidi e altra frutta a guscio.,,https://www.savethefoods.it/wp-content/uploads/2026/09/Fior-di-Loto-Nocciole-Sgusciate-Pelate-e-Tostate-gr.500-2.jpeg,descrizione,"Valori nutrizionali (per 100 g) : – Energia: 2764 kJ / 670 kcal – Grassi: 62 g – di cui saturi: 4,5 g – Carboidrati: 8,2 g – di cui zuccheri: 4,9 g – Proteine: 15 g – Fibre: 9,4 g – Sale: 0 g",2026-10-01T19:15:06+02:00
Fitness Barretta Fibre x4 gr.80,https://www.savethefoods.it/prodotto/fitness-barretta-fibre-x4-gr-80/,Caffè Colazione e Dolci,True,11 disponibili,2.29,2.99,23,Preferibilmente Entro 31/05/2027,100 g,326.0,,9.5,,1.9,,45.6,,2.9,,6.7,,26.9,,0.73,,2.05521,8.25153,1.41791,6.35965,"Farina di frumento integrale (29,1%), Frutto-oligosaccaridi, Agenti di carica (polidestrosio, carbonati di calcio), Fiocchi di avena integrale (12,3%), Edulcorante: maltitoli, Farina di avena integrale (5,6%), Cioccolato bianco senza zucchero con edulcoranti 5% (edulcorante: maltitoli, burro di cacao¹, latte intero in polvere, emulsionante: lecitine, aroma naturale di vaniglia), Pasta di nocciole, Umidificante: glicerolo, Olio di girasole, Farina di quinoa integrale 2,2%, Sale, Agente lievitante: carbonati di sodio, Emulsionante: lecitine, Aroma naturale, Colorante: caroteni. Può contenere Latte ed altra frutta a guscio.",,https://www.savethefoods.it/wp-content/uploads/2026/09/Fitness-Barretta-Fibre-x4-gr.80.jpeg,descrizione,"Valori nutrizionali (per 100 g) : – Energia: 1357 kJ / 326 kcal – Grassi: 9,5 g – di cui saturi: 1,9 g – Carboidrati: 45,6 g – di cui zuccheri: 2,9 g – Proteine: 6,7 g – Fibre: 26,9 g – Sale: 0,73 g",2026-10-01T19:15:05+02:00
Fitness Barretta Protein Cioccolato x4 gr.80,https://www.savethefoods.it/prodotto/fitness-barretta-protein-cioccolato-x4-gr-80/,Caffè Colazione e Dolci,True,21 disponibili,2.29,2.99,23,Preferibilmente Entro 31/05/2027,100 g,330.0,,9.4,,2.0,,41.0,,2.5,,11.9,,26.4,,0.49,,3.60606,8.0,0.78992,6.09756,"Farina di FRUMENTO integrale (23,3%), Frutto-oligosaccaridi, Agenti di carica (polidestrosio, carbonati di calcio), Fiocchi di AVENA integrale (12%), Edulcoranti: maltitoli, Glutine di FRUMENTO, Pasta di NOCCIOLE, Cacao in polvere (4%), Umidificant e: glicerolo, Farina di AVENA integrale (3,1%), Cioccolato senza zucchero con edulcoranti (3%) (pasta di cacao, edulcoranti: maltitoli, BURRO di cacao, emulsionanti: lecitina di SOIA, aroma naturale di vaniglia), Olio di girasole, Far ina di FRUMENTO, Farina di quinoa integrale (2,2%), Sale, Emulsionanti: lecitine, Aromi naturali. Può contenere Latte ed altra frutta a guscio.",,https://www.savethefoods.it/wp-content/uploads/2026/09/Fitness-Barretta-Protein-Cioccolato-x4-gr.80-2.jpeg,descrizione,"Valori nutrizionali (per 100 g) : – Energia: 1376 kJ / 330 kcal – Grassi: 9,4 g – di cui saturi: 2,0 g – Carboidrati: 41 g – di cui zuccheri: 2,5 g – Proteine: 11,9 g – Fibre: 26,4 g – Sale: 0,49 g",2026-10-01T19:15:04+02:00
Giusto Biscotti all’Avena Integrali Senza Glutine gr.250,https://www.savethefoods.it/prodotto/giusto-biscotti-allavena-integrali-senza-glutine-gr-250/,Caffè Colazione e Dolci | Le Novità | Senza Glutine,True,957 disponibili,2.49,6.5,62,Preferibilmente Entro 03/11/2026,100 g,347.0,,1.2,,0.0,,81.0,,56.0,,1.3,,,,0.02,,0.37464,,0.92308,69.1358,"Zucchero, farina integrale di avena senza glutine 26%, farina di riso, fiocchi di avena senza glutine 9%, olio di girasole, uova, burro di cacao, sale; agenti lievitanti: tartrati di potassio, carbonati di sodio, carbonati di ammonio; aroma naturale; antiossidanti: estratti di rosmarino; emulsionante: lecitina di girasole. Può contenere soia e senape.",,https://www.savethefoods.it/wp-content/uploads/2026/09/Giusto-Biscotti-allAvena-Integrali-Senza-Glutine-gr.250.jpeg,descrizione,"Valori nutrizionali (per 100 g) : – Energia: 1472 kJ / 347 kcal – Grassi: 1,2 g – di cui saturi: 0 g – Carboidrati: 81 g – di cui zuccheri: 56 g – Proteine: 1,3 g – Sale: 0,02 g",2026-10-01T19:15:06+02:00
Giusto Comby Break Crema al Latte gr.26,https://www.savethefoods.it/prodotto/giusto-comby-break-crema-al-latte-gr-26/,Senza categoria,True,110 disponibili,0.99,3.49,72,Preferibilmente Entro 29/11/2026,100 g,502.0,,23.0,,4.1,,62.0,,54.0,,10.0,,0.7,,0.29,,1.99203,0.13944,2.3,87.09677,"Zucchero, latte scremato in polvere 21,6%, olio di semi di girasole alto oleico, farina di riso, fecola di patate, burro di cacao, proteine del latte 2%, amido di mais, cacao magro in polvere, emulsionanti: lecitina di girasole; aroma: vanillina; agenti lievitanti: bicarbonato di sodio, bicarbonato di ammonio. Prodotto in uno stabilimento che tratta frutta a guscio (nocciole, pistacchi, mandorle), uova e soia e quindi il prodotto può contenerne.",,https://www.savethefoods.it/wp-content/uploads/2026/09/WhatsApp-Image-2026-09-11-at-16.24.33-1.jpeg,descrizione,"Valori nutrizionali (per 100 g) : – Energia: 2103 kJ / 502 kcal – Grassi: 23 g – di cui saturi: 4,1 g – Carboidrati: 62 g – di cui zuccheri: 54 g – Proteine: 10 g – Fibre: 0,7 g– Sale: 0,29 g",2026-10-01T19:15:06+02:00
Giusto Comete Snack Barretta di Cereali al Cacao Senza Glutine 6x20gr.,https://www.savethefoods.it/prodotto/giusto-comete-snack-barretta-di-cereali-al-cacao-senza-glutine-6x20gr/,Caffè Colazione e Dolci | Le Novità | Senza Glutine,True,93 disponibili,2.9,5.9,51,Preferibilmente Entro 05/11/2026,100 g,380.0,,9.9,,6.0,,57.0,,21.0,,5.6,,20.0,,0.24,,1.47368,5.26316,1.76786,36.84211,"Palline croccanti di mais al cacao 48% (farina di mais 85%, zucchero, cacao in polvere 4,3%, sale); cioccolato di copertura con edulcorante 20% (pasta di cacao, edulcorante: maltitolo 43,5%, burro di cacao, emulsionante: lecitina di soia, aroma naturale di vaniglia); sciroppo di glucosio; zucchero; umettanti: glicerolo, sorbitolo; stelline di zucchero 1.5% (zucchero, olio di girasole alto oleico, fecola di patate, farina di riso, aroma naturale vaniglia); grasso in polvere (grasso vegetale di cocco, sciroppo di glucosio, proteine del latte, stabilizzante: E451, agente antiagglomerante: E551); cacao magro in polvere; sale; aromi. Può contenere tracce di: uova, frutta a guscio, sesamo, lupini, senape, arachidi e anidride solforosa",,https://www.savethefoods.it/wp-content/uploads/2026/09/Giusto-Comete-Snack-Barretta-di-Cereali-al-Cacao-Senza-Glutine-6x20gr.jpeg,descrizione,"Valori nutrizionali (per 100 g) : – Energia: 1591 kJ / 380 kcal – Grassi: 9,9 g – di cui saturi: 6,0 g – Carboidrati: 57 g – di cui zuccheri: 21 g – Proteine: 5,6 g – Fibre: 20 g – Sale: 0,24 g",2026-10-01T19:15:03+02:00
Giusto Cubì Wafer con Crema al Cacao Senza Glutine gr.250,https://www.savethefoods.it/prodotto/giusto-cubi-wafer-con-crema-al-cacao-senza-glutine-gr-250-2/,Caffè Colazione e Dolci | Le Novità | Senza Glutine,True,143 disponibili,2.49,6.5,62,Preferibilmente Entro 10/12/2026,100 g,512.0,,25.9,,23.1,,62.3,,25.0,,4.9,,5.0,,0.25,<,0.95703,0.97656,5.28571,40.12841,"zucchero, olio di cocco, fecola di patate, sciroppo di glucosio, cacao magro in polvere 9%, farina di riso, latte scremato in polvere senza lattosio, emulsionante: lecitina di soia; addensante: farina di guar; sale, agente lievitante: sodio bicarbonato; nocciole, aroma naturale. Può contenere frutta a guscio",,https://www.savethefoods.it/wp-content/uploads/2026/09/WhatsApp-Image-2025-05-19-at-15.22.27-1.jpeg,descrizione,Valori nutrizionali (per 100 g) : – Energia: 2142 kJ / 512 kcal – Grassi: 25.9 g – di cui saturi: 23.1 g – Carboidrati: 62.3 g – di cui zuccheri: 25 g – Proteine: 4.9 g – Fibre: 5.0 g – Sale: <0.25 g,2026-10-01T19:15:06+02:00
Giusto Frollini con Yogurt Senza Glutine gr.250,https://www.savethefoods.it/prodotto/giusto-frollini-con-yogurt-senza-glutine-gr-250/,Senza categoria,True,127 disponibili,2.29,5.5,58,Preferibilmente Entro 03/11/2026,100 g,432.0,,12.0,,5.7,,75.0,,27.0,,5.0,,2.5,,0.56,,1.15741,0.5787,2.4,36.0,"Zucchero, farina di riso, amido di mais, uova, olio di palma, amido di riso, farina di grano saraceno, farina di mais, yogurt intero 3,4% (yogurt intero con fermenti lattici: Streptococcus thermophilus e Lactobacillus bulgaricus), sale, agenti lievitanti: tartrati di potassio, carbonati di sodio; addensante: gomma di guar; aroma naturale. Può contenere frutta a guscio, soia, lupini, senape.",,https://www.savethefoods.it/wp-content/uploads/2026/09/Giusto-Frollini-con-Yogurt-Senza-Glutine-gr.250-2.jpeg,descrizione,"Valori nutrizionali (per 100 g) : – Energia: 1818 kJ / 432 kcal – Grassi: 12 g – di cui saturi: 5,7 g – Carboidrati: 75 g – di cui zuccheri: 27 g – Proteine: 5 g – Fibre: 2,5 g– Sale: 0,56 g",2026-10-01T19:15:06+02:00
Giusto Gnocchi con Spinaci Senza Glutine gr.500,https://www.savethefoods.it/prodotto/giusto-gnocchi-con-spinaci-senza-glutine-gr-500/,Le Novità | Pasta Riso e Cereali | Senza Glutine,True,85 disponibili,2.99,4.9,39,Preferibilmente Entro 28/07/2027,100 g,165.0,,0.0,,0.0,,37.0,,0.1,,3.5,,0.0,,1.4,,2.12121,0.0,0.0,0.27027,"Patate reidratate 70% (acqua, fiocchi di patate, emulsionante: mono-e digliceridi degli acidi grassi; aromi) farina di mais, fecola di patate, amido di mais, spinaci 3%, farina di riso, sale, correttore di acidità: acido lattico; conservante: acido sorbico.",,https://www.savethefoods.it/wp-content/uploads/2026/09/Giusto-Gnocchi-con-Spinaci-Senza-Glutine-gr.500.jpeg,descrizione,"Valori nutrizionali (per 100 g) : – Energia: 703 kJ / 165 kcal – Grassi: 0 g – di cui saturi: 0 g – Carboidrati: 37 g – di cui zuccheri: 0,1 g – Proteine: 3,5 g – Fibre: 0 g – Sale: 1,4 g",2026-10-01T19:15:06+02:00
Giusto Grissini con Semi di Sesamo Senza Glutine gr.150,https://www.savethefoods.it/prodotto/giusto-grissini-con-semi-di-sesamo-senza-glutine-gr-150/,Farine e Snack Salati | Le Novità | Senza Glutine,True,144 disponibili,1.49,4.5,67,Preferibilmente Entro 27/11/2026,100 g,434.0,,11.0,,1.8,,79.0,,4.6,,2.8,,4.0,,2.3,,0.64516,0.92166,3.92857,5.82278,"amido di frumento deglutinato, farina di riso, olio extravergine di oliva 8%, uova, semi di sesamo 4%, zucchero, fibra di semi psyllium, lievito, sale, estratto naturale di rosmarino. Prodotto in uno stabilimento che tratta latte, soia, frutta a guscio, senape, anidride solforosa e solfiti e quindi il prodotto può contenerne.",,https://www.savethefoods.it/wp-content/uploads/2026/09/WhatsApp-Image-2025-05-19-at-12.02.43-2.jpeg,descrizione,Valori nutrizionali (per 100 g) : – Energia: 1830 kJ / 434 kcal – Grassi: 11 g – di cui saturi: 1.8 g – Carboidrati: 79 g – di cui zuccheri: 4.6 g – Proteine: 2.8 g – Fibre: 4.0 g – Sale: 2.3 g,2026-10-01T19:15:06+02:00
Giusto PaneUp Proteico gr.80,https://www.savethefoods.it/prodotto/giusto-paneup-proteico-gr-80/,Farine e Snack Salati | Le Novità,True,24 disponibili,1.49,3.9,62,Preferibilmente Entro 31/10/2026,100 g,148.0,,4.3,,0.3,,38.4,,2.8,,7.3,,37.0,,1.4,,4.93243,25.0,0.58904,7.29167,"Farina di grano tenero, proteine vegetali (glutine), pasta di sesamo con piante aromatiche (5%), glucomannano (3%), lievito di birra, fibra vegetale, zucchero, estratto di lievito, sale, aromi naturali. Può contenere: uova, arachidi, soia, latte, frutta a guscio, lupini e senape.",,https://www.savethefoods.it/wp-content/uploads/2026/09/WhatsApp-Image-2025-11-12-at-14.59.45.jpeg,descrizione,Valori nutrizionali (per 100 g) : – Energia: 620 kJ / 148 kcal – Grassi: 4.3 g – di cui saturi: 0.3 g – Carboidrati: 38.4 g – di cui zuccheri: 2.8 g – Proteine: 7.3 g – Fibre: 37 g– Sale: 1.4 g,2026-10-01T19:15:06+02:00
Giusto Stick & Go Salatini Senza Glutine gr.100,https://www.savethefoods.it/prodotto/giusto-stick-go-salatini-senza-glutine-gr-100-2/,Farine e Snack Salati | Le Novità | Senza Glutine | ULTIMA CHIAMATA,True,282 disponibili,1.49,3.57,58,Preferibilmente Entro 01/11/2026,100 g,380.0,,2.9,,0.5,,80.0,,3.2,,5.5,,5.5,,0.48,,1.44737,1.44737,0.52727,4.0,"Farina di riso, amido di mais, sale, zucchero, addensanti: carbossimetilcellulosa di sodio, gomma di guar, gomma di acacia; olio di girasole, uovo in polvere, emulsionanti: mono-e digliceridi degli acidi grassi; lievito, antiossidante: estratto ricco in tocoferoli; regolatore di acidità: idrossido di sodio. Può contenere sesamo.",,https://www.savethefoods.it/wp-content/uploads/2026/09/Giusto-Stick-Go-Salatini-Senza-Glutine-gr.100-2.jpeg,descrizione,"Valori nutrizionali (per 100 g) : – Energia: 1609kJ / 380 kcal – Grassi: 2,9 g – di cui saturi: 0,5 g – Carboidrati: 80 g – di cui zuccheri: 3,2 g – Proteine: 5,5 g – Fibre: 5,5 g– Sale: 0,48 g",2026-10-01T19:15:06+02:00
Gran Pavesi Crancine Classiche gr.30,https://www.savethefoods.it/prodotto/gran-pavesi-crancine-classiche-gr-30/,Farine e Snack Salati | Le Novità,True,30 disponibili,0.69,0.79,13,Preferibilmente Entro 19/12/2026,100 g,456.0,,17.0,,1.5,,64.0,,6.7,,9.0,,5.4,,1.4,,1.97368,1.18421,1.88889,10.46875,"Farina di frumento Olio di girasole Fiocchi di patata Zucchero Sciroppo di glucosio Lievito Sale Agente lievitante: carbonato acido d’ammonio Estratto di malto d’orzo e mais Può contenere tracce di uova, soia, latte, frutta a guscio e senape",,https://www.savethefoods.it/wp-content/uploads/2026/09/WhatsApp-Image-2025-02-24-at-15.50.29-1.jpeg,descrizione,Valori nutrizionali (per 100 g) : – Energia: 1913 kJ / 456 kcal – Grassi: 17 g – di cui saturi: 1.5 g – Carboidrati: 64 g – di cui zuccheri: 6.7 g – Proteine: 9.0 g – Fibre: 5.4 g – Sale: 1.4 g,2026-10-01T19:15:01+02:00
Gran Pavesi Il Cracker al Pomodoro gr.35,https://www.savethefoods.it/prodotto/gran-pavesi-il-cracker-al-pomodoro-gr-35/,Farine e Snack Salati,True,24 disponibili,0.69,0.79,13,Preferibilmente Entro 06/03/2027,100 g,398.0,,7.0,,1.5,,69.0,,3.2,,12.0,,5.6,,2.6,,3.01508,1.40704,0.58333,4.63768,"Farina di frumento, olio di soia, farina di mais, pomodoro disidratato 2,7%, glutine di frumento, estratto di malto d’orzo e mais, sale, aroma, correttore di acidità: carbonato acido di sodio, piante aromatiche 1%, farina di orzo maltato, lievito. Può contenere tracce di senape, frutta a guscio, latte, soia, sesamo e uova.",,https://www.savethefoods.it/wp-content/uploads/2026/09/WhatsApp-Image-2025-07-09-at-16.47.31-1.jpeg,descrizione,Valori nutrizionali (per 100 g) : – Energia: 1681 kJ / 398 kcal – Grassi: 7.0 g – di cui saturi: 1.5 g – Carboidrati: 69 g – di cui zuccheri: 3.2 g – Proteine: 12 g – Fibre: 5.6 g – Sale: 2.6 g,2026-10-01T19:15:02+02:00
Gran Pavesi Sfogline Gusto Pesto gr.30,https://www.savethefoods.it/prodotto/gran-pavesi-sfogline-gusto-pesto-gr-30/,Farine e Snack Salati,True,35 disponibili,0.69,0.79,13,Preferibilmente Entro 20/12/2026,100 g,446.0,,17.0,,1.5,,62.0,,15.0,,6.2,,9.9,,1.5,,1.39013,2.21973,2.74194,24.19355,"Fiocchi di patata, farina di frumento, olio di girasole, amido modificato di mais, preparazione aromatica al gusto pesto 3%* (siero di latte in polvere, aroma naturale (latte), sale, zucchero, cipolla, aglio, latticello in polvere, prezzemolo, pepe, basilico), fibra di grano, sale. *percentuali espresse sul prodotto finito. Può contenere tracce di frutta a guscio, senape, sesamo, soia e uova.",,https://www.savethefoods.it/wp-content/uploads/2026/09/Gran-Pavesi-Sfogline-Gusto-Pesto-gr.30-2.jpeg,descrizione,Valori nutrizionali (per 100 g) : – Energia: 1868 kJ / 446 kcal – Grassi: 17 g – di cui saturi: 1.5 g – Carboidrati: 62 g – di cui zuccheri: 15 g – Proteine: 6.2 g – Fibre: 9.9 g – Sale: 1.5 g,2026-10-01T19:15:03+02:00
Gran Pavesi Sfogline Gusto Pizza gr.30,https://www.savethefoods.it/prodotto/gran-pavesi-sfogline-gusto-pizza-gr-30/,Farine e Snack Salati,True,17 disponibili,0.69,0.79,13,Preferibilmente Entro 10/01/2027,100 g,446.0,,17.0,,1.5,,62.0,,15.0,,6.2,,9.9,,1.5,,1.39013,2.21973,2.74194,24.19355,"Fiocchi di patata Farina di grano tenero Olio di semi di girasole Amido modificato di mais Preparazione aromatica al gusto pizza 2,9%* [aroma naturale, sale, siero di latte in polvere, zucchero, pomodoro in polvere, formaggio (latte) in polvere, cipolla, origano, aglio] Sale Fibra di grano *% espresse sul prodotto finito Può contenere tracce di uovo, senape, frutta a guscio e soia",,https://www.savethefoods.it/wp-content/uploads/2026/09/WhatsApp-Image-2026-03-16-at-14.32.59-1.jpeg,descrizione,Valori nutrizionali (per 100 g) : – Energia: 1868 kJ / 446 kcal – Grassi: 17 g – di cui saturi: 1.5 g – Carboidrati: 62 g – di cui zuccheri: 15 g – Proteine: 6.2 g – Fibre: 9.9 g – Sale: 1.5 g,2026-10-01T19:15:02+02:00
Gran Pavesi Tarallini con Olio Extra Vergine d’Oliva gr.32,https://www.savethefoods.it/prodotto/gran-pavesi-tarallini-con-olio-extra-vergine-doliva-gr-32/,Farine e Snack Salati | Le Novità,True,20 disponibili,0.59,0.7,16,Preferibilmente Entro 11/11/2026,100 g,454.0,,17.0,,2.7,,63.0,,1.5,,9.6,,5.2,,2.8,,2.11454,1.14537,1.77083,2.38095,"farina di frumento, olio di oliva 10,5 %, olio extra vergine di oliva 5%, vino bianco, sale, antiossidante: estratto di rosmarino. Può contenere tracce di: soia, sesamo.",,https://www.savethefoods.it/wp-content/uploads/2026/09/WhatsApp-Image-2025-02-11-at-15.48.19-1.jpeg,descrizione,Valori nutrizionali (per 100 g) : – Energia: 1905 kJ / 454 kcal – Grassi: 17 g – di cui saturi: 2.7 g – Carboidrati: 63 g – di cui zuccheri: 1.5 g – Proteine: 9.6 g – Fibre: 5.2 g – Sale: 2.8 g,2026-10-01T19:15:02+02:00
Gran Pavesi Tocchetti di Mais gr.32,https://www.savethefoods.it/prodotto/gran-pavesi-tocchetti-di-mais-gr-32/,Farine e Snack Salati | Le Novità,True,1 disponibili,0.55,0.7,21,Preferibilmente Entro 19/01/2027,100 g,450.0,,17.0,,2.5,,62.0,,3.0,,9.4,,5.5,,2.6,,2.08889,1.22222,1.80851,4.83871,"farina di FRUMENTO, farina di mais 12%, olio di oliva, oli vegetali (girasole, mais, colza, SOIA), farina integrale di mais 6%, lievito, amido di FRUMENTO, sale, estratto di malto d’ORZO e mais, antiossidante: estratto di rosmarino. Può contenere tracce di SENAPE, SESAMO e SOIA.",,https://www.savethefoods.it/wp-content/uploads/2026/09/WhatsApp-Image-2025-04-01-at-16.22.18.jpeg,descrizione,Valori nutrizionali (per 100 g) : – Energia: 1887 kJ / 450 kcal – Grassi: 17 g – di cui saturi: 2.5 g – Carboidrati: 62 g – di cui zuccheri: 3.0 g – Proteine: 9.4 g – Fibre: 5.5 g – Sale: 2.6 g,2026-10-01T19:15:02+02:00
Granda Tradizione La Macina Bio Sugo Pizza Biologico gr.280,https://www.savethefoods.it/prodotto/granda-tradizione-la-macina-bio-sugo-pizza-biologico-gr-280/,Biologici | Le Novità | Senza Glutine | Sughi e scatolame | Vegani,True,66 disponibili,2.99,3.89,23,Preferibilmente Entro 25/06/2028,100 g,80.0,,4.5,,0.6,,7.6,,2.1,,1.3,,,,0.7,,1.625,,3.46154,27.63158,"polpa di pomodoro* 46%, passata di pomodoro* 46%, olio extravergine di oliva*, basilico* 1,6%, sale marino, origano* 0,5%, timo* 0,5%, aglio* 0,5%. *Da agricoltura biologica Origine del pomodoro: Italia",,https://www.savethefoods.it/wp-content/uploads/2026/09/Granda-Tradizione-La-Macina-Bio-Sugo-Pizza-Biologico-gr.280-3.jpeg,descrizione,"Valori nutrizionali (per 100 g) : – Energia: 334kJ / 80 kcal – Grassi: 4,5 g – di cui saturi: 0,6 g – Carboidrati: 7,6 g – di cui zuccheri: 2,1 g – Proteine: 1,3 g – Sale: 0,7 g",2026-10-01T19:15:04+02:00
Granda Tradizioni La Macina Bio Crema di Carciofi e Noci Biologico gr.130,https://www.savethefoods.it/prodotto/granda-tradizioni-la-macina-bio-crema-di-carciofi-e-noci-biologico-gr-130/,Biologici | Le Novità | Senza Glutine | Sughi e scatolame | Vegani,True,15 disponibili,3.49,4.69,26,Preferibilmente Entro 25/07/2028,100 g,448.0,,47.0,,6.5,,2.0,,0.3,,2.1,,,,1.6,,0.46875,,22.38095,15.0,"carciofi* 51%, olio extravergine di oliva*, noci* 10%, sale marino, correttore di acidità: acido lattico, succo di limone. *da agricoltura biologica",,https://www.savethefoods.it/wp-content/uploads/2026/09/Granda-Tradizioni-La-Macina-Bio-Crema-di-Carciofi-e-Noci-Biologico-gr.130-3.jpeg,descrizione,"Valori nutrizionali (per 100 g) : – Energia: 1842 kJ / 448 kcal – Grassi: 47 g – di cui saturi: 6,5 g – Carboidrati: 2,0 g – di cui zuccheri: 0,3 g – Proteine: 2,1 g – Sale: 1,6 g",2026-10-01T19:15:04+02:00
Granda Tradizioni Pesto con Proteine Vegetali gr.180,https://www.savethefoods.it/prodotto/granda-tradizioni-pesto-con-proteine-vegetali-gr-180/,Le Novità | Sughi e scatolame | Vegani,True,49 disponibili,2.99,3.89,23,Preferibilmente Entro 25/06/2028,100 g,460.0,,47.0,,9.7,,0.0,,0.0,,7.8,,,,1.2,,1.69565,,6.02564,,"basilico genovese DOP 24%, acqua, proteine di pisello e fava 18%, olio evo, pinoli, sale marino. Correttore di acidità: acido lattico.",,https://www.savethefoods.it/wp-content/uploads/2026/09/00055403-DAT-ROSSI-B350G-TV6-ITALIANO-3.jpeg,descrizione,"Valori nutrizionali (per 100 g) : – Energia: 1893 kJ / 460 kcal – Grassi: 47 g – di cui saturi: 9,7 g – Carboidrati: 0 g – di cui zuccheri: 0 g – Proteine: 7,8 g – Sale: 1,2 g",2026-10-01T19:15:04+02:00
Granda Tradizioni Pesto in Salsa con Basilico Genovese D.O.P gr.500,https://www.savethefoods.it/prodotto/granda-tradizioni-pesto-in-salsa-con-basilico-genovese-d-o-p-gr-500/,Le Novità | Sughi e scatolame,True,83 disponibili,6.9,10.9,37,Preferibilmente Entro 25/06/2028,100 g,597.0,,60.0,,9.5,,9.8,,2.3,,4.8,,,,2.3,,0.80402,,12.5,23.46939,"olio di oliva, basilico semilavorato (basilico genovese D.O.P. 63%, olio extravergine di oliva, sale, antiossidante: arido ascorbico) 21%, ANACARDL pomodori secchi reidratati 15% (pomodori secchi 50%, acqua, sale), pinoli, sale, regolatore di acidità: acido lattico. Può contenere tracce di arachidi",,https://www.savethefoods.it/wp-content/uploads/2026/09/Granda-Tradizioni-Pesto-in-Salsa-con-Basilico-Genovese-D.O.P-gr.500-3.jpeg,descrizione,"Valori nutrizionali (per 100 g) : – Energia: 2461 kJ / 597 kcal – Grassi: 60 g – di cui saturi: 9,5 g – Carboidrati: 9,8 g – di cui zuccheri: 2,3 g – Proteine: 4,8 g – Sale: 2,3 g",2026-10-01T19:15:04+02:00
Granda Tradizioni Sugo alle Olive Taggiasche gr.180,https://www.savethefoods.it/prodotto/granda-tradizioni-sugo-alle-olive-taggiasche-gr-180/,Sughi e scatolame,True,11 disponibili,2.99,3.99,25,Preferibilmente Entro 25/06/2027,100 g,348.0,,8.0,,5.0,,68.0,,37.0,,6.0,,,,0.1,,1.72414,,1.33333,54.41176,"polpa di pomodoro italiano 53%, passata di pomodoro 8,9%, olive Taggiasche 8,9%, sale marino, aromi naturali, correttore di acidità: acido citrico. Può contenere noccioli o frammenti di noccioli. Origine dei pomodori: Italia",,https://www.savethefoods.it/wp-content/uploads/2026/09/WhatsApp-Image-2024-06-03-at-18.12.38.jpeg,descrizione,Valori nutrizionali (per 100 g) : – Energia: 1456 kJ / 348 kcal – Grassi: 8 g – di cui saturi: 5 g – Carboidrati: 68 g – di cui zuccheri: 37 g – Proteine: 6 g – Sale: 0.1 g,2026-10-01T19:15:02+02:00
Granda Tradizioni Sugo Pinsa gr.280,https://www.savethefoods.it/prodotto/granda-tradizioni-sugo-pinsa-gr-280/,Le Novità | Sughi e scatolame,True,80 disponibili,2.49,3.49,29,Preferibilmente Entro 25/06/2028,100 g,80.0,,4.5,,0.6,,7.6,,2.1,,1.3,,,,0.7,,1.625,,3.46154,27.63158,"polpa di pomodoro 46%, passata di pomodoro 46%, olio extravergine di oliva, basilico 1,6%, sale marino, origano 0,5%, timo 0,5%, aglio 0,5%. Origine del pomodoro: Italia",,https://www.savethefoods.it/wp-content/uploads/2026/09/Granda-Tradizioni-Sugo-Pinsa-gr.280-3.jpeg,descrizione,"Valori nutrizionali (per 100 g) : – Energia: 334kJ / 80 kcal – Grassi: 4,5 g – di cui saturi: 0,6 g – Carboidrati: 7,6 g – di cui zuccheri: 2,1 g – Proteine: 1,3 g – Sale: 0,7 g",2026-10-01T19:15:04+02:00
Graziano Soffi di Grano Gusto Paprika gr.100,https://www.savethefoods.it/prodotto/graziano-soffi-di-grano-gusto-paprika-gr-100/,Farine e Snack Salati,True,32 disponibili,1.99,2.49,20,Preferibilmente Entro 25/02/2027,100 g,423.0,,10.0,,1.4,,,,1.3,,13.0,,,,1.2,,,,,,"semolato di grano duro, acqua, olio di girasole alto oleico, lievito, sale. Può contenere tracce di soia e senape",Valore non interpretabile: carboidrati_g,https://www.savethefoods.it/wp-content/uploads/2026/09/Graziano-Soffi-di-Grano-Gusto-Paprika-gr.100.jpeg,descrizione,"Valori nutrizionali (per 100 g) : – Energia: 1784 kJ / 423 kcal – Grassi: 10 g – di cui saturi: 1,4 g – Carboidrati: 668 6 g – di cui zuccheri: 1,3 g – Proteine: 13 g – Sale: 1,2 g",2026-10-01T19:15:03+02:00
Il Nutrimento Carciofi a Spicchi in Salamoia Biologici kg.1,https://www.savethefoods.it/prodotto/il-nutrimento-carciofi-a-spicchi-in-salamoia-biologici-kg-1-2/,Biologici | Le Novità | Sughi e scatolame,True,26 disponibili,18.9,24.45,23,Preferibilmente Entro 30/01/2027,100 g,17.0,,1.4,,1.0,,,,,,1.4,,,,3.2,,8.23529,,1.0,,"*carciofi a spicchi 54%, acqua, *aceto di mele, sale, *aglio, *prezzemolo, *peperoncino. *biologico.",,https://www.savethefoods.it/wp-content/uploads/2026/09/Il-Nutrimento-Carciofi-a-Spicchi-in-Salamoia-Biologici-kg.1.jpeg,descrizione,"Valori nutrizionali (per 100 g) : – Energia: 73 kJ / 17 kcal – Grassi: 1,4 g – di cui saturi: 1,0 g – Proteine: 1,4 g – Sale: 3,2 g",2026-10-01T19:15:07+02:00
Il Nutrimento Cubettato di Pomodoro Biologico gr.400,https://www.savethefoods.it/prodotto/il-nutrimento-cubettato-di-pomodoro-biologico-gr-400/,Biologici | Le Novità | Sughi e scatolame,True,58 disponibili,0.99,1.56,37,Preferibilmente Entro 28/02/2027,100 g,23.0,,0.1,,0.02,,3.7,,3.0,,1.1,,,,0.1,,4.78261,,0.09091,81.08108,"*pomodoro, *succo di pomodoro. *biologico",,https://www.savethefoods.it/wp-content/uploads/2026/10/Il-Nutrimento-Cubettato-di-Pomodoro-Biologico-gr.400.png,tabella,Nutrienti Per 100 g Energia 92 kJ / 23 kcal Grassi 0.10 g di cui saturi 0.02 g Carboidrati 3.7 g di cui zuccheri 3.0 g Proteine 1.10 g Sale 0.10 g,2026-10-01T19:15:08+02:00
Intenso 10 Cialde Miscela Arabica gr.70,https://www.savethefoods.it/prodotto/intenso-10-cialde-miscela-arabica-gr-70/,Caffè Colazione e Dolci,True,113 disponibili,1.49,1.99,25,Preferibilmente Entro 31/07/2027,,,,,,,,,,,,,,,,,,,,,,100% caffè,,https://www.savethefoods.it/wp-content/uploads/2026/09/Intenso-10-Cialde-Miscela-Arabica-gr.70.jpeg,,,2026-10-01T19:15:03+02:00
Intenso 10 Cialde Miscela Crema Più gr.78,https://www.savethefoods.it/prodotto/intenso-10-cialde-miscela-crema-piu-gr-78/,Caffè Colazione e Dolci,True,225 disponibili,1.49,1.99,25,Preferibilmente Entro 31/10/2027,,,,,,,,,,,,,,,,,,,,,,100% caffè,,https://www.savethefoods.it/wp-content/uploads/2026/09/Intenso-10-Cialde-Miscela-Crema-Piu-gr.78.jpeg,,,2026-10-01T19:15:03+02:00
Intenso 10 Cialde Miscela Forte gr.70,https://www.savethefoods.it/prodotto/intenso-10-cialde-miscela-forte-gr-70/,Caffè Colazione e Dolci,True,237 disponibili,1.49,1.99,25,Preferibilmente Entro 30/11/2027,,,,,,,,,,,,,,,,,,,,,,100% caffè,,https://www.savethefoods.it/wp-content/uploads/2026/09/Intenso-10-Cialde-Miscela-Forte-gr.70.jpeg,,,2026-10-01T19:15:03+02:00
IoBoscoVivo Biscotti Fior di Nocciola Biologico Senza Glutine gr.200,https://www.savethefoods.it/prodotto/ioboscovivo-biscotti-fior-di-nocciola-biologico-senza-glutine-gr-200/,Biologici | Caffè Colazione e Dolci | Le Novità | Senza Glutine,True,23 disponibili,2.49,4.99,50,Preferibilmente Entro 04/11/2026,100 g,441.0,,25.0,,2.2,,47.0,,16.0,,5.3,,2.6,,0.2,,1.20181,0.58957,4.71698,34.04255,"Farina di mais, olio di semi di girasole alt’oleico ,zucchero di cocco, Farina di NOCCIOLA 12,3%, farina di ceci 3,5% , Farina di Chufa (Cyperus Esculentus), Fungo Shiitake in farina; agente lievitante: bicarbonato di sodio, sale.",,https://www.savethefoods.it/wp-content/uploads/2026/09/IoBoscoVivo-Biscotti-Fior-di-Nocciola-Biologico-Senza-Glutine-gr.200-2.jpeg,descrizione,"Valori nutrizionali (per 100 g) : – Energia: 1846 kJ / 441 kcal – Grassi: 25 g – di cui saturi: 2,2 g – Carboidrati: 47 g – di cui zuccheri: 16 g – Proteine: 5,3 g – Fibre: 2,6 g – Sale: 0,2 g",2026-10-01T19:15:07+02:00
Isola Bio Bevanda Vegetale Gusto Giusto Biologica Senza Glutine lt.1,https://www.savethefoods.it/prodotto/isola-bio-bevanda-vegetale-gusto-giusto-biologica-senza-glutine-lt-1/,Biologici | Latte e Bevande Vegetali | Le Novità | Senza Glutine,True,103 disponibili,1.29,2.94,56,Preferibilmente Entro 30/10/2026,100 ml,25.0,,1.4,,0.7,,2.8,,1.9,,0.4,,0.2,,0.1,,1.6,0.8,3.5,67.85714,"Acqua, vegetali 8,02% (riso, cocco, semi di soia decorticati), olio di girasole, stabilizzante: gomma di guar, sale marino.",,https://www.savethefoods.it/wp-content/uploads/2026/09/Isola-Bio-Bevanda-Vegetale-Gusto-Giusto-Biologica-Senza-Glutine-lt.1-2.jpeg,descrizione,"Valori nutrizionali (per 100 ml) : – Energia: 106 kJ / 25 kcal – Grassi: 1,4 g – di cui saturi: 0,7 g – Carboidrati: 2,8 g – di cui zuccheri: 1,9 g – Proteine: 0,4 g – Fibre: 0,2 g – Sale: 0,1 g",2026-10-01T19:15:07+02:00
Isola Bio Crema da Cucina Cocco al Curry Biologica ml.200,https://www.savethefoods.it/prodotto/isola-bio-crema-da-cucina-cocco-al-curry-biologica-ml-200/,Biologici | Le Novità | Sughi e scatolame,True,203 disponibili,1.99,2.58,23,Preferibilmente Entro 28/06/2027,100 ml,171.0,,18.0,,16.2,,1.0,,0.1,,1.2,,0.2,,0.36,,0.70175,0.11696,15.0,10.0,"Cocco* (60%), acqua, aroma naturale di curry*, estratto di curcuma, addensante: gomma di guar*, sale marino. *Biologico",,https://www.savethefoods.it/wp-content/uploads/2026/09/Isola-Bio-Crema-da-Cucina-Cocco-al-Curry-Biologica-ml.200.jpeg,descrizione,"Valori nutrizionali (per 100 ml) : – Energia: 705 kJ / 171 kcal – Grassi: 18 g – di cui saturi: 16,2 g – Carboidrati: 1 g – di cui zuccheri: 0,1 g – Proteine: 1,2 g – Fibre: 0,2 g – Sale: 0,36 g",2026-10-01T19:15:07+02:00
Isola Bio Granola Crunchy 3 Noci Biologico gr.350,https://www.savethefoods.it/prodotto/isola-bio-granola-crunchy-3-noci-biologico-gr-350/,Biologici | Caffè Colazione e Dolci | Le Novità,True,177 disponibili,2.99,5.8,48,Preferibilmente Entro 19/11/2026,100 g,441.0,,17.0,,2.1,,56.0,,14.0,,11.0,,14.0,,0.02,,2.49433,3.1746,1.54545,25.0,"fiocchi d’avena integrali biologici (55%), fiocchi di grano integrale biologici (19%), zucchero di canna biologico, olio di girasole ad alto contenuto oleico biologico (olio di girasole biologico, antiossidante: estratto ricco di tocoferolo), nocciole biologiche (4%), mandorle biologiche (2%), anacardi biologici (2%), stabilizzante: gomma arabica. Può contenere latte, noci, soia e sesamo.",,https://www.savethefoods.it/wp-content/uploads/2026/09/Isola-Bio-Granola-Crunchy-3-Noci-Biologico-gr.350-2.jpeg,descrizione,"Valori nutrizionali (per 100 g) : – Energia: 1847 kJ / 441 kcal – Grassi: 17 g – di cui saturi: 2,1 g – Carboidrati: 56 g – di cui zuccheri: 14 g – Proteine: 11 g – Fibre: 14 g – Sale: 0,02 g",2026-10-01T19:15:07+02:00
Le Bontà di San Trifone Tarallino con Semi di Finocchio gr.250,https://www.savethefoods.it/prodotto/le-bonta-di-san-trifone-tarallino-con-semi-di-finocchio-gr-250/,Farine e Snack Salati | Le Novità,True,167 disponibili,1.29,1.99,35,Preferibilmente Entro 18/03/2027,100 g,445.0,,12.0,,2.98,,68.5,,4.2,,9.5,,,,3.225,,2.13483,,1.26316,6.13139,"Farina di GRANO tenero tipo “00” (GRANO italiano), vino bianco (contiene solfiti), olio di semi di girasole alto oleico, acqua, sale, olio di oliva, semi di finocchio (1%). Può contenere tracce di sesamo, soia, senape e latte.",,https://www.savethefoods.it/wp-content/uploads/2026/09/Le-Bonta-di-San-Trifone-Tarallino-con-Semi-di-Finocchio-gr.250-2.jpeg,descrizione,"Valori nutrizionali (per 100 g) : – Energia: 1874 kJ / 445 kcal – Grassi: 12 g – di cui saturi: 2,98 g – Carboidrati: 68,5 g – di cui zuccheri: 4,2 g – Proteine: 9,5 g – Sale: 3,225 g",2026-10-01T19:15:08+02:00
Le Bontà di San Trifone Tarallino Gusto Classico gr.250,https://www.savethefoods.it/prodotto/le-bonta-di-san-trifone-tarallino-gusto-classico-gr-250/,Farine e Snack Salati | Le Novità,True,143 disponibili,1.29,1.99,35,Preferibilmente Entro 11/03/2027,100 g,331.0,,14.0,,1.8,,39.0,,0.6,,6.3,,8.2,,1.9,,1.90332,2.47734,2.22222,1.53846,"Farina di GRANO tenero tipo “00” (GRANO italiano), vino bianco (contiene solfiti), olio di semi di girasole alto oleico, acqua, sale, olio di oliva, proteine di pisello. Può contenere tracce di sesamo, soia, senape e latte.",,https://www.savethefoods.it/wp-content/uploads/2026/09/Le-Bonta-di-San-Trifone-Tarallino-Gusto-Classico-gr.250.jpeg,descrizione,"Valori nutrizionali (per 100 g) : – Energia: 1385 kJ / 331 kcal – Grassi: 14 g – di cui saturi: 1,8 g – Carboidrati: 39 g – di cui zuccheri: 0,6 g – Proteine: 6,3 g – Fibre: 8,2 g – Sale: 1,9 g",2026-10-01T19:15:08+02:00
Le Bontà di San Trifone Tarallino Gusto Contadina gr.250,https://www.savethefoods.it/prodotto/le-bonta-di-san-trifone-tarallino-gusto-contadina-gr-250/,Farine e Snack Salati | Le Novità,True,106 disponibili,1.29,1.99,35,Preferibilmente Entro 25/03/2027,100 g,319.0,,13.0,,1.7,,38.0,,0.7,,6.3,,,,1.9,,1.97492,,2.06349,1.84211,"Farina di GRANO tenero tipo “00” (GRANO italiano), vino bianco (contiene solfiti), olio di semi di girasole alto oleico, acqua, sale, olio di oliva, basilico in foglie (0.5%), pomodoro in polvere (0.5%), proteine di pisello. Può contenere tracce di sesamo, soia, senape e latte.",,https://www.savethefoods.it/wp-content/uploads/2026/09/Le-Bonta-di-San-Trifone-Tarallino-Gusto-Contadina-gr.250.jpeg,descrizione,"Valori nutrizionali (per 100 g) : – Energia: 1336 kJ / 319 kcal – Grassi: 13 g – di cui saturi: 1,7 g – Carboidrati: 38 g – di cui zuccheri: 0,7 g – Proteine: 6,3 g – Sale: 1,9 g",2026-10-01T19:15:08+02:00
Life Granella di Pistacchio gr.15,https://www.savethefoods.it/prodotto/life-granella-di-pistacchio-gr-15/,Sughi e scatolame,True,8 disponibili,0.95,0.99,4,Preferibilmente Entro 25/03/2027,100 g,608.0,,52.0,,4.7,,9.0,,4.0,,21.0,,9.0,,0.03,,3.45395,1.48026,2.47619,44.44444,granella di pistacchio tostato Può contenere altra frutta a guscio e arachidi,,https://www.savethefoods.it/wp-content/uploads/2026/09/Life-Granella-di-Pistacchio-gr.15.jpeg,descrizione,"Valori nutrizionali (per 100 g) : – Energia: 2514 kJ / 608 kcal – Grassi: 52 g – di cui saturi: 4,7 g – Carboidrati: 9,0 g – di cui zuccheri: 4,0 g – Proteine: 21 g – Fibre: 9,0 g – Sale: 0,03 g",2026-10-01T19:15:05+02:00
Life Mandorle Sgusciate gr.45,https://www.savethefoods.it/prodotto/life-mandorle-sgusciate-gr-45/,Sughi e scatolame,True,1 disponibili,0.95,0.99,4,Preferibilmente Entro 24/07/2027,100 g,519.0,,53.0,,4.6,,5.5,,4.0,,25.0,,10.0,,0.01,,,,,,mandorle sgusciate Può contenere altra frutta a guscio e arachidi,Energia in kJ e kcal discordante sul sito,https://www.savethefoods.it/wp-content/uploads/2026/09/Life-Mandorle-Sgusciate-gr.45-2.jpeg,descrizione,"Valori nutrizionali (per 100 g) : – Energia: 2560 kJ / 519 kcal – Grassi: 53 g – di cui saturi: 4,6 g – Carboidrati: 5,5 g – di cui zuccheri: 4,0 g – Proteine: 25 g – Fibre: 10 g – Sale: 0,01 g",2026-10-01T19:15:05+02:00
Life Mix Sport gr.55,https://www.savethefoods.it/prodotto/life-mix-sport-gr-55/,Sughi e scatolame,True,2 disponibili,0.95,0.99,4,Preferibilmente Entro 22/04/2027,100 g,570.0,,44.0,,4.4,,21.0,,18.0,,19.0,,7.1,,0.01,,3.33333,1.24561,2.31579,85.71429,"mandorle sgusciate, noci sgusciate, semi di zucca decorticati, zucchero, mirtilli rossi, olio vegetale di girasole. Può contenere altra frutta a guscio e arachidi",,https://www.savethefoods.it/wp-content/uploads/2026/09/Life-Mix-Sport-gr.55-3.jpeg,descrizione,"Valori nutrizionali (per 100 g) : – Energia: 2355 kJ / 570 kcal – Grassi: 44 g – di cui saturi: 4,4 g – Carboidrati: 21 g – di cui zuccheri: 18 g – Proteine: 19 g – Fibre: 7,1 g – Sale: 0,01 g",2026-10-01T19:15:05+02:00
Life Noci al Pesto gr.35,https://www.savethefoods.it/prodotto/life-noci-al-pesto-gr-35/,Sughi e scatolame,True,12 disponibili,0.95,0.99,4,Preferibilmente Entro 04/01/2027,100 g,689.0,,65.0,,6.0,,6.4,,4.5,,17.0,,5.3,,1.6,,2.46734,0.76923,3.82353,70.3125,"Noci sgusciate (80%). Condimento al pesto (9%): A base di maltodestrine, miscela di formaggi disidratati (con sali di fusione E339), sale, estratto di lievito, basilico liofilizzato (3%), aromi naturali (che contengono latte), prezzemolo, pepe nero e olio di riso. Additivi e acidificanti presenti: Acido lattico (E270) e lattato di calcio (E327). Può contenere tracce di altra frutta a guscio (mandorle, nocciole, anacardi, noci pecan, noci del Brasile, pistacchi, noci macadamia), arachidi e sedano.",,https://www.savethefoods.it/wp-content/uploads/2026/09/Life-Noci-al-Pesto-gr.35-2.jpeg,descrizione,"Valori nutrizionali (per 100 g) : – Energia: 2845 kJ / 689 kcal – Grassi: 65 g – di cui saturi: 6,0 g – Carboidrati: 6,4 g – di cui zuccheri: 4,5 g – Proteine: 17 g – Fibre: 5,3 g – Sale: 1,6 g",2026-10-01T19:15:05+02:00
Life Pistacchi Tostati e Salati gr.35,https://www.savethefoods.it/prodotto/life-pistacchi-tostati-e-salati-gr-35/,Sughi e scatolame,True,7 disponibili,0.95,0.99,4,Preferibilmente Entro 14/07/2027,100 g,614.0,,52.0,,4.7,,9.0,,4.0,,22.0,,11.0,,2.0,,3.58306,1.79153,2.36364,44.44444,"pistacchio tostato, sale. Può contenere altra frutta a guscio e arachidi",,https://www.savethefoods.it/wp-content/uploads/2026/09/Life-Pistacchi-Tostati-e-Salati-gr.35-2.jpeg,descrizione,"Valori nutrizionali (per 100 g) : – Energia: 2539 kJ / 614 kcal – Grassi: 52 g – di cui saturi: 4,7 g – Carboidrati: 9,0 g – di cui zuccheri: 4,0 g – Proteine: 22 g – Fibre: 11 g – Sale: 2,0 g",2026-10-01T19:15:05+02:00
Liking Caramelle Mimì Menta Fresca Senza Zucchero Senza Glutine gr.50,https://www.savethefoods.it/prodotto/liking-caramelle-mimi-menta-fresca-senza-zucchero-senza-glutine-gr-50/,Le Novità | Senza Glutine | Sughi e scatolame,True,203 disponibili,0.99,1.49,34,Preferibilmente Entro 01/12/2026,100 g,245.0,,1.0,,0.0,,98.0,,0.0,,0.3,,0.0,,0.0,,0.12245,0.0,3.33333,0.0,"edulcorante: sorbitolo, olio essenziale di menta 1%, agente antiagglomerante: E470b, edulcorante: aspartame, olio essenziale di anice. Senza glutine",,https://www.savethefoods.it/wp-content/uploads/2026/09/Liking-Caramelle-Mimi-Menta-Fresca-Senza-Zucchero-Senza-Glutine-gr.50.jpeg,descrizione,"Valori nutrizionali (per 100 g) : – Energia: 1021 kJ / 245 kcal – Grassi: 1,0 g – di cui saturi: 0,0 g – Carboidrati: 98 g – di cui zuccheri: 0,0 g – Proteine: 0,3 g – Fibre: 0,0 g – Sale: 0,0 g",2026-10-01T19:15:06+02:00
L’Anima del Germoglio Composta di Uva Fragola e Mela gr.200,https://www.savethefoods.it/prodotto/lanima-del-germoglio-composta-di-uva-fragola-e-mela-gr-200/,Caffè Colazione e Dolci | Le Novità | Vegani,True,82 disponibili,1.99,3.49,43,Preferibilmente Entro 31/10/2026,100 g,131.0,,0.7,,0.1,,30.0,,26.0,,1.5,,,,0.02,,1.14504,,0.46667,86.66667,"purea di Uva Fragola 59%, purea di mela concentrata, succo di mela, agar agar",,https://www.savethefoods.it/wp-content/uploads/2026/09/LAnima-del-Germoglio-Composta-di-Uva-Fragola-e-Mela-gr.200.jpeg,descrizione,"Valori nutrizionali (per 100 g) : – Energia: 548 kJ / 131 kcal – Grassi: 0,7 g – di cui saturi: 0,1 g – Carboidrati: 30 g – di cui zuccheri: 26 g – Proteine: 1,5 g – Sale: 0,02 g",2026-10-01T19:15:04+02:00
L’Anima del Germoglio Dolce Confettura di Mirtilli gr.235,https://www.savethefoods.it/prodotto/lanima-del-germoglio-dolce-confettura-di-mirtilli-gr-235/,Caffè Colazione e Dolci | Le Novità | Vegani,True,3 disponibili,2.49,3.99,38,Preferibilmente Entro 31/10/2026,100 g,210.0,,0.0,,0.0,,51.0,,44.0,,1.1,,,,0.01,<,0.52381,,0.0,86.27451,"purea di mirtillo ( 138g su 100g di prodotto finito), zucchero di canna (46g su 100g di prodotto finito), pectina",,https://www.savethefoods.it/wp-content/uploads/2026/09/LAnima-del-Germoglio-Dolce-Confettura-di-Mirtilli-gr.235.jpeg,descrizione,"Valori nutrizionali (per 100 g) : – Energia: 879 kJ / 210 kcal – Grassi: 0 g – di cui saturi: 0 g – Carboidrati: 51 g – di cui zuccheri: 44 g – Proteine: 1,1 g – Sale: <0,01 g",2026-10-01T19:15:04+02:00
Monte Monaco Fusilli di Fave Biologici Kg.3,https://www.savethefoods.it/prodotto/monte-monaco-fusilli-di-fave-biologici-kg-3/,Biologici | Le Novità | Pasta Riso e Cereali | Senza Glutine | Vegani,True,5 disponibili,19.9,39.9,50,Preferibilmente Entro 13/11/2026,100 g,342.0,,,,0.57,,50.1,,4.6,,25.6,,4.6,,0.01,,,,,,Farina di fave biologica.,Valore non interpretabile: grassi_g,https://www.savethefoods.it/wp-content/uploads/2026/09/Monte-Monaco-Fusilli-di-Fave-Biologici-Kg.3.jpeg,descrizione,Valori nutrizionali (per 100 g) : – Energia: 1448 kJ / 342 kcal – Grassi: 2.8 – di cui saturi: 0.57 g – Carboidrati: 50.1 g – di cui zuccheri: 4.6 g – Proteine: 25.6 g – Fibre: 4.6 g – Sale: 0.01 g,2026-10-01T19:15:05+02:00
Monte Monaco Fusilli di Piselli Verdi Biologici Senza Glutine gr.195,https://www.savethefoods.it/prodotto/monte-monaco-fusilli-di-piselli-verdi-biologici-senza-glutine-gr-195/,Biologici | Le Novità | Pasta Riso e Cereali | Senza Glutine | Vegani,True,105 disponibili,1.69,3.49,52,Preferibilmente Entro 04/12/2026,100 g,321.0,,,,0.76,,47.0,,2.85,,22.0,,14.9,,0.01,,,,,,Farina di piselli biologica.,Valore non interpretabile: grassi_g,https://www.savethefoods.it/wp-content/uploads/2026/09/Monte-Monaco-Fusilli-di-Piselli-Verdi-Biologici-Senza-Glutine-gr.195-3.jpeg,descrizione,"Valori nutrizionali (per 100 g) : – Energia: 1356 kJ / 321 kcal – Grassi: 1,71 – di cui saturi: 0,76 g – Carboidrati: 47 g – di cui zuccheri: 2,85 g – Proteine: 22 g – Fibre: 14,9 g – Sale: 0,01 g",2026-10-01T19:15:05+02:00
Monte Monaco Fusilli di Piselli Verdi Biologici Senza Glutine gr.240,https://www.savethefoods.it/prodotto/monte-monaco-fusilli-di-piselli-verdi-biologici-senza-glutine-gr-240/,Biologici | Le Novità | Pasta Riso e Cereali | Senza Glutine | Vegani,True,174 disponibili,1.69,3.49,52,Preferibilmente Entro 04/12/2026,100 g,321.0,,,,0.76,,47.0,,2.85,,22.0,,14.9,,0.01,,,,,,Farina di piselli biologica.,Valore non interpretabile: grassi_g,https://www.savethefoods.it/wp-content/uploads/2026/09/Monte-Monaco-Fusilli-di-Piselli-Verdi-Biologici-Senza-Glutine-gr.240.jpeg,descrizione,"Valori nutrizionali (per 100 g) : – Energia: 1356 kJ / 321 kcal – Grassi: 1,71 – di cui saturi: 0,76 g – Carboidrati: 47 g – di cui zuccheri: 2,85 g – Proteine: 22 g – Fibre: 14,9 g – Sale: 0,01 g",2026-10-01T19:15:05+02:00
Monte Monaco Fusilli di Piselli Verdi Biologici Senza Glutine kg.3,https://www.savethefoods.it/prodotto/monte-monaco-fusilli-di-piselli-verdi-biologici-senza-glutine-kg-3/,Biologici | Le Novità | Pasta Riso e Cereali | Senza Glutine | Vegani,True,36 disponibili,19.9,39.9,50,Preferibilmente Entro 04/12/2026,100 g,321.0,,,,0.76,,47.0,,2.85,,22.0,,14.9,,0.01,,,,,,Farina di piselli biologica.,Valore non interpretabile: grassi_g,https://www.savethefoods.it/wp-content/uploads/2026/09/Monte-Monaco-Fusilli-di-Piselli-Verdi-Biologici-Senza-Glutine-kg.3.jpeg,descrizione,"Valori nutrizionali (per 100 g) : – Energia: 1356 kJ / 321 kcal – Grassi: 1,71 – di cui saturi: 0,76 g – Carboidrati: 47 g – di cui zuccheri: 2,85 g – Proteine: 22 g – Fibre: 14,9 g – Sale: 0,01 g",2026-10-01T19:15:05+02:00
Monte Monaco Penne Rigate di Ceci Biologici gr.195,https://www.savethefoods.it/prodotto/monte-monaco-penne-rigate-di-ceci-biologici-gr-195/,Biologici | Le Novità | Pasta Riso e Cereali | Senza Glutine | Vegani,True,48 disponibili,1.69,3.85,56,Preferibilmente Entro 20/11/2026,100 g,345.0,,,,1.6,,53.8,,1.8,,20.0,,11.1,,0.06,,,,,,"farina di ceci da coltivazione biologica, acqua.",Valore non interpretabile: grassi_g,https://www.savethefoods.it/wp-content/uploads/2026/09/Monte-Monaco-Penne-Rigate-di-Ceci-Biologici-gr.195-3.jpeg,descrizione,"Valori nutrizionali (per 100 g) : – Energia: 1457 kJ / 345 kcal – Grassi: 3,1 – di cui saturi: 1,6 g – Carboidrati: 53,8 g – di cui zuccheri: 1,8 g – Proteine: 20 g – Fibre: 11,1 g – Sale: 0,06 g",2026-10-01T19:15:05+02:00
Morando Miglior Gatto Straccetti con Manzo e Carote gr.100,https://www.savethefoods.it/prodotto/morando-miglior-gatto-straccetti-con-manzo-e-carote-gr-100/,Le Novità | Pet Food,True,290 disponibili,0.59,0.75,21,Preferibilmente Entro 05/01/2029,,,,,,,,,,,,,,,,,,,,,,,,https://www.savethefoods.it/wp-content/uploads/2026/09/WhatsApp-Image-2025-02-06-at-15.32.41-1.jpeg,,,2026-10-01T19:15:01+02:00
Morando Miglior Gatto Straccetti con Salmone e Tonno gr.100,https://www.savethefoods.it/prodotto/morando-miglior-gatto-straccetti-con-salmone-e-tonno-gr-100/,Le Novità | Pet Food,True,243 disponibili,0.59,0.75,21,Preferibilmente Entro 05/01/2029,,,,,,,,,,,,,,,,,,,,,,,,https://www.savethefoods.it/wp-content/uploads/2026/09/WhatsApp-Image-2025-02-06-at-15.37.15-1.jpeg,,,2026-10-01T19:15:02+02:00
Motta Gramotto Bibita al Melograno e Bergamotto ml.200,https://www.savethefoods.it/prodotto/motta-gramotto-bibita-al-melograno-e-bergamotto-ml-200/,Caffè Colazione e Dolci | Le Novità | Succhi e Bibite Analcoliche,True,92 disponibili,1.19,1.89,37,Preferibilmente Entro 16/05/2027,100 ml,48.0,,0.0,,0.0,,12.0,,12.0,,0.0,,,,0.1,,0.0,,,100.0,"acqua, succo di melograno 15%, succo di bergamotto 5%, zucchero, anidride carbonica, aromi naturali, acidificante: acido citrico.",,https://www.savethefoods.it/wp-content/uploads/2026/09/Motta-Gramotto-Bibita-al-Melograno-e-Bergamotto-ml.200-3.jpeg,descrizione,"Valori nutrizionali (per 100 ml) : – Energia: 204 kJ / 48 kcal – Grassi: 0 g – di cui saturi: 0 g – Carboidrati: 12 g – di cui zuccheri: 12 g – Proteine: 0 g – Sale: 0,1g",2026-10-01T19:15:01+02:00
Mr. Scrokko Crush Gusto Classico gr.40,https://www.savethefoods.it/prodotto/mr-scrokko-crush-gusto-classico-gr-40/,Farine e Snack Salati,True,281 disponibili,0.39,0.5,22,Preferibilmente Entro 30/05/2027,,,,,,,,,,,,,,,,,,,,,,"Farina di GRANO tenero, olio di semi di girasole alto oleico, sale, olio extra vergine di oliva.",,https://www.savethefoods.it/wp-content/uploads/2026/09/WhatsApp-Image-2025-06-26-at-16.34.30.jpeg,,,2026-10-01T19:15:02+02:00
Mr. Scrokko Crush Gusto Olive gr.40,https://www.savethefoods.it/prodotto/mr-scrokko-crush-gusto-olive-gr-40/,Farine e Snack Salati,True,104 disponibili,0.39,0.5,22,Preferibilmente Entro 30/05/2027,100 g,490.0,,19.0,,1.9,,68.0,,2.3,,10.0,,2.3,,2.44,,2.04082,0.46939,1.9,3.38235,"Farina di GRANO tenero, olio di semi di girasole alto oleico, sale, preparato aromatico al gusto oliva nera 2,5% (maltodestrina, farina di riso, sale, estratto di lievito, olive nere 6%, zucchero, aromi, acidificanti: E270, E327; aglio, pepe nero, aromi naturali, olio di girasole), olive nere 1.6%, olio extra vergine di oliva.",,https://www.savethefoods.it/wp-content/uploads/2026/09/WhatsApp-Image-2025-10-21-at-16.34.40-3.jpeg,descrizione,Valori nutrizionali (per 100 g) : – Energia: 2056 kJ / 490 kcal – Grassi: 19 g – di cui saturi: 1.9 g – Carboidrati: 68 g – di cui zuccheri: 2.3 g – Proteine: 10 g – Fibre: 2.3 g – Sale: 2.44 g,2026-10-01T19:15:02+02:00
Mr. Scrokko Crush Gusto Pepe Rosa e Lime gr.40,https://www.savethefoods.it/prodotto/mr-scrokko-crush-gusto-pepe-rosa-e-lime-gr-40/,Farine e Snack Salati,True,316 disponibili,0.39,0.5,22,Preferibilmente Entro 30/05/2027,100 g,488.0,,19.0,,1.9,,68.0,,2.1,,10.0,,2.5,,2.44,,2.04918,0.5123,1.9,3.08824,"Farina di GRANO tenero, olio di semi di girasole alto oleico, sale, preparato aromatico al gusto pepe rosa e lime 2,5% maltodestrina, farina di riso, destrosio, pepe rosa 8%, zucchero, acidificanti: acido citrico, citrati di potassio; estratto di Lievito, pepe bianco, sale, aromi naturali, succo di lime in pol-vere 0,2%, aromi, olio di girasole), olio extra vergine di oliva.",,https://www.savethefoods.it/wp-content/uploads/2026/09/WhatsApp-Image-2025-10-21-at-16.34.40-1.jpeg,descrizione,Valori nutrizionali (per 100 g) : – Energia: 2051 kJ / 488 kcal – Grassi: 19 g – di cui saturi: 1.9 g – Carboidrati: 68 g – di cui zuccheri: 2.1 g – Proteine: 10 g – Fibre: 2.5 g – Sale: 2.44 g,2026-10-01T19:15:02+02:00
Mr. Scrokko Tarallini Gusto Pizza gr.40,https://www.savethefoods.it/prodotto/mr-scrokko-tarallini-gusto-pizza-gr-40/,Farine e Snack Salati,True,137 disponibili,0.39,0.5,22,Preferibilmente Entro 30/05/2027,100 g,455.0,,18.0,,2.1,,62.0,,0.7,,9.8,,2.5,,2.6,,2.15385,0.54945,1.83673,1.12903,"Farina di GRANO tenero tipo “00”, olio di semi di girasole alto oleico, sale, olio extravergine di oliva (2%), pomodoro granulare 1,14%, origano 0,48%, peperoncino 0,05%. Può contenere soia, semi di sesamo, latte e prodotti derivati, sedano, senape",,https://www.savethefoods.it/wp-content/uploads/2026/09/WhatsApp-Image-2025-11-17-at-15.29.51.jpeg,descrizione,Valori nutrizionali (per 100 g) : – Energia: 1910 kJ / 455 kcal – Grassi: 18 g – di cui saturi: 2.1 g – Carboidrati: 62 g – di cui zuccheri: 0.7 g – Proteine: 9.8 g – Fibre: 2.5 g – Sale: 2.6 g,2026-10-01T19:15:02+02:00
Mr. Scrokko Tocchetti Gusto Mediterraneo gr.40,https://www.savethefoods.it/prodotto/mr-scrokko-tocchetti-gusto-mediterraneo-gr-40/,Farine e Snack Salati,True,346 disponibili,0.39,0.5,22,Preferibilmente Entro 30/05/2027,,,,,,,,,,,,,,,,,,,,,,"Farina di GRANO tenero tipo “00”, olio di girasole alto oleico, sale, olio extravergine di oliva 2 %, olive, origano, rosmarino",,https://www.savethefoods.it/wp-content/uploads/2026/09/WhatsApp-Image-2025-06-26-at-16.25.18.jpeg,,,2026-10-01T19:15:02+02:00
Mr. Scrokko Trecce Gusto Classico gr.40,https://www.savethefoods.it/prodotto/mr-scrokko-trecce-gusto-classico-gr-40/,Farine e Snack Salati,True,388 disponibili,0.39,0.5,22,Preferibilmente Entro 30/05/2027,,,,,,,,,,,,,,,,,,,,,,"farina di grano tenero, vino bianco (contiene Solfiti), olio di semi di girasole alto oleico, sale, olio extravergine di oliva.",,https://www.savethefoods.it/wp-content/uploads/2026/09/WhatsApp-Image-2025-06-26-at-16.29.08-1.jpeg,,,2026-10-01T19:15:02+02:00
Mucho Gusto Birra Hermosa Biologica Senza Glutine cl.33,https://www.savethefoods.it/prodotto/mucho-gusto-birra-hermosa-biologica-senza-glutine-cl-33-2/,Biologici | Birre e Bibite Alcoliche | Le Novità | Senza Glutine,True,250 disponibili,1.99,3.63,45,Preferibilmente Entro 31/10/2026,,,,,,,,,,,,,,,,,,,,,,"Acqua, *malto d’ORZO, *FRUMENTO, *luppolo, lievito. *biologico. Alcol 4.7% vol.",,https://www.savethefoods.it/wp-content/uploads/2026/09/Mucho-Gusto-Birra-Hermosa-Biologica-Senza-Glutine-cl.33.jpeg,,,2026-10-01T19:15:05+02:00
Natruly Barretta Crunchy Miele e Frutta Secca gr.40,https://www.savethefoods.it/prodotto/natruly-barretta-crunchy-miele-e-frutta-secca-gr-40/,Biologici | Caffè Colazione e Dolci | Le Novità,True,60 disponibili,1.69,2.24,25,Preferibilmente Entro 04/12/2026,100 g,540.0,,38.0,,4.8,,29.4,,17.7,,16.8,,6.5,,1.03,,3.11111,1.2037,2.2619,60.20408,"*MANDORLA 30%, *semi di zucca, *semi di girasole, *sciroppo di riso, *uva passa, *SESAMO, *miele 5,8%, sale marino. *biologico. Può contenere tracce di: Cereali contenenti glutine: grano, segale, orzo, avena, farro, grano Khorasan Kamut Uova Arachidi Soia Latte",,https://www.savethefoods.it/wp-content/uploads/2026/09/WhatsApp-Image-2025-07-22-at-16.03.49-1.jpeg,descrizione,Valori nutrizionali (per 100 g) : – Energia: 2245 kJ / 540 kcal – Grassi: 38 g – di cui saturi: 4.80 g – Carboidrati: 29.40 g – di cui zuccheri: 17.70 g – Proteine: 16.8 g – Fibre: 6.5 g – Sale: 1.03 g,2026-10-01T19:15:07+02:00
Natruly Bruttisani al Gusto Erbe Aromatiche Biologico gr.70,https://www.savethefoods.it/prodotto/natruly-bruttisani-al-gusto-erbe-aromatiche-biologico-gr-70-3/,Biologici | Farine e Snack Salati | Le Novità | Senza Glutine | Vegani,True,241 disponibili,1.39,3.07,55,Preferibilmente Entro 05/12/2026,100 g,384.0,,13.0,,12.0,,61.0,,7.8,,2.8,,5.6,,3.3,,0.72917,1.45833,4.64286,12.78689,"*Tapioca in polvere 55,2%,*castagne in polvere 13,6%, *grasso di cocco 11,6%, *preparato alle erbe aromatiche 10% (*amido di tapioca, sale, *erbe aromatiche (*prezzemolo, *origano, *timo, *basilico, *menta piperita), aroma naturale), *cocco in polvere 8,8%, sale rosa dell’ Himalaya 0,8%. *biologico",,https://www.savethefoods.it/wp-content/uploads/2026/09/WhatsApp-Image-2025-11-05-at-16.22.03.jpeg,descrizione,Valori nutrizionali (per 100 g) : – Energia: 1609 kJ / 384 kcal – Grassi: 13 g – di cui saturi: 12 g – Carboidrati: 61 g – di cui zuccheri: 7.8 g – Proteine: 2.8 g – Fibre: 5.6 g – Sale: 3.3 g,2026-10-01T19:15:06+02:00
Natruly Bruttisani al Gusto Formaggio Biologico gr.70,https://www.savethefoods.it/prodotto/natruly-bruttisani-al-gusto-formaggio-biologico-gr-70-3/,Biologici | Farine e Snack Salati | Le Novità | Senza Glutine,True,248 disponibili,1.39,3.07,55,Preferibilmente Entro 05/12/2026,100 g,404.0,,16.0,,14.0,,58.0,,8.1,,4.2,,5.6,,2.4,,1.0396,1.38614,3.80952,13.96552,"*Tapioca in polvere 55,2%, *castagne in polvere 13,6%, *grasso di cocco 11,6%, *cocco in polvere 8,8%, *preparato gusto di formaggio 5% (tapioca in polvere, sale, *cipolla, aromi naturali), *formaggio in polvere 5% ( latte compreso lattosio ), sale rosa dell’Himalaya 0,8%. *biologico",,https://www.savethefoods.it/wp-content/uploads/2026/09/WhatsApp-Image-2025-11-05-at-16.25.06-1.jpeg,descrizione,Valori nutrizionali (per 100 g) : – Energia: 1691 kJ / 404 kcal – Grassi: 16 g – di cui saturi: 14 g – Carboidrati: 58 g – di cui zuccheri: 8.1 g – Proteine: 4.2 g – Fibre: 5.6 g – Sale: 2.4 g,2026-10-01T19:15:06+02:00
Natruly Chocolicious al Latte Biologica gr.85,https://www.savethefoods.it/prodotto/natruly-chocolicious-al-latte-biologica-gr-85/,Biologici | Caffè Colazione e Dolci | Le Novità | Senza Glutine,True,64 disponibili,1.99,3.5,43,Preferibilmente Entro 31/12/2026,100 g,562.0,,45.0,,27.0,,17.0,,14.0,,12.0,,20.0,,0.3,,2.13523,3.55872,3.75,82.35294,"*burro di cacao, *LATTE scremato in polvere, *inulina da agave, *pasta di cacao, emulsionante: *lecitina di girasole, sale. cacao secco 52% min. Solidi secchi del latte 25%. *Biologico Può contenere tracce di Arachidi, frutta a guscio e semi di sesamo.",,https://www.savethefoods.it/wp-content/uploads/2026/09/Natruly-Chocolicious-al-Latte-Biologica-gr.85.jpeg,descrizione,"Valori nutrizionali (per 100 g) : – Energia: 2322 kJ / 562 kcal – Grassi: 45 g – di cui saturi: 27 g – Carboidrati: 17 g – di cui zuccheri: 14 g – Proteine: 12 g – Fibre: 20 g – Sale: 0,3 g",2026-10-01T19:15:06+02:00
Natruly Chocolicious al Latte e Mandorle Biologica gr.85,https://www.savethefoods.it/prodotto/natruly-chocolicious-al-latte-e-mandorle-biologica-gr-85-5/,Biologici | Caffè Colazione e Dolci | Le Novità | Senza Glutine,True,67 disponibili,1.99,4.15,52,Preferibilmente Entro 31/12/2026,100 g,564.0,,45.0,,25.0,,16.0,,13.0,,12.0,,19.0,,0.49,,2.12766,3.36879,3.75,81.25,"*burro di cacao, *LATTE scremato in polvere, *inulina da agave, *pasta di cacao, *pezzetti di MANDORLE 10%, emulsionante: *lecitina di girasole, sale. cacao secco 52% min. Solidi secchi del latte 26%. *Biologico Può contenere tracce di Arachidi, frutta a guscio e semi di sesamo.",,https://www.savethefoods.it/wp-content/uploads/2026/09/WhatsApp-Image-2025-10-31-at-14.56.03.jpeg,descrizione,Valori nutrizionali (per 100 g) : – Energia: 2311 kJ / 564 kcal – Grassi: 45 g – di cui saturi: 25 g – Carboidrati: 16 g – di cui zuccheri: 13 g – Proteine: 12 g – Fibre: 19 g – Sale: 0.49g,2026-10-01T19:15:06+02:00
Nestlé Cereali Nesquik gr.375,https://www.savethefoods.it/prodotto/nestle-cereali-nesquik-gr-375/,Caffè Colazione e Dolci,True,40 disponibili,3.29,3.99,18,Preferibilmente Entro 31/05/2027,100 g,378.0,,3.0,,0.7,,74.6,,22.1,,8.7,,9.3,,0.22,,2.30159,2.46032,0.34483,29.62466,"farina di FRUMENTO integrale 53,1%, zucchero, farina di mais 17,2% sciroppo di glucosio, cacao magro 5,6%, Carbonato di Calcio, contiene olio di girasole e/o olio di palma, sale, aromi naturali, Ferro, Niacina, Acido Pantotenico, Vitamina D, Vitamina B6, Tiammina, Riboflavina, Acido Folico. Può contenere tracce di latte e frutta a guscio",,https://www.savethefoods.it/wp-content/uploads/2026/09/WhatsApp-Image-2025-03-26-at-16.57.23.jpeg,descrizione,Valori nutrizionali (per 100 g) : – Energia: 1598 kJ / 378 kcal – Grassi: 3.0 g – di cui saturi: 0.7 g – Carboidrati: 74.6 g – di cui zuccheri: 22.1 g – Proteine: 8.7 g – Fibre: 9.3 g – Sale: 0.22 g,2026-10-01T19:15:04+02:00
"Nestlé Fitness Cappuccino 4×23,5gr.",https://www.savethefoods.it/prodotto/nestle-fitness-cappuccino-4x235gr-2/,Caffè Colazione e Dolci,True,1 disponibili,2.29,2.99,23,Preferibilmente Entro 30/06/2027,100 g,382.0,,9.0,,4.4,,67.2,,18.0,,7.3,,7.3,,0.31,,1.91099,1.91099,1.23288,26.78571,": FRUMENTO integrale 21,9%, sciroppo di glucosio, riso 12,4 %, AVENA integrale 11,2%, sciroppo di zucchero invertito, farina di FRUMENTO integrale 6,2 %, grassi vegetali (girasole, cocco, karitè), estratto di malto d’ORZO, umidificanti (glicerolo, sorbitoli), cioccolato bianco 5% (zucchero, LATTE in polvere, burro di cacao?, LATTE scremato in polvere, emulsionante lecitine di SOIA, aroma naturale di vaniglia), zucchero, carbonato di calcio, LATTE scremato in polvere 3,4 %, maltodestrine, estratto di caffè 0,6%, semola di mais 0,4 %, farina di riso 0,3 %, aroma naturale, sale, emulsionante lecitine, cacao magro in polvere² 0,1 %, cacao in polvere² 0,1 %, melassa, ferro, antiossidante estratto ricco di tocoferolo, Niacina, Acido pantotenico, Acido folico, Vitamina B6, Riboflavina. Può contenere FRUTTA A GUSCIO.",,https://www.savethefoods.it/wp-content/uploads/2026/09/WhatsApp-Image-2025-03-24-at-17.06.03-1.jpeg,descrizione,Valori nutrizionali (per 100 g) : – Energia: 1608 kJ / 382 kcal – Grassi: 9.0 g – di cui saturi: 4.4 g – Carboidrati: 67.2 g – di cui zuccheri: 18 g – Proteine: 7.3 g – Fibre: 7.3 g – Sale: 0.31 g,2026-10-01T19:15:04+02:00
Nestlé Fitness Cookies & Cream 4×23.5gr.,https://www.savethefoods.it/prodotto/nestle-fitness-cookies-cream-4x23-5gr-2/,Caffè Colazione e Dolci,True,4 disponibili,2.29,2.99,23,Preferibilmente Entro 30/06/2027,100 g,395.0,,9.9,,4.5,,69.2,,19.4,,6.9,,4.9,,0.48,,1.74684,1.24051,1.43478,28.03468,": FRUMENTO integrale 22,7%, sciroppo di glucosio, riso 12,8%, fiocchi di AVENA integrale 9,9%, zucchero, sciroppo di zucchero invertito, umidificanti (glicerolo, sorbitoli), farina di FRUMENTO integrale 5,4%, gocce di cioccolato bianco 3,9% (zucchero, LATTE intero in polvere, burro di cacao, LATTE scremato in polvere, emulsionante lecitine di SOIA, aroma naturale di vaniglia), grasso vegetale (cocco), LATTE scremato in polvere, olio vegetale (girasole), Carbonato di Calcio, maltodestrine, farina di FRUMENTO 1%, aromi naturali, sale, farina di riso 0,3%, estratto di malto d’ORZO, semola di mais 0,3%, burro di cacao, cacao magro in polvere, emulsionante lecitine, melassa, antiossidante estratto ricco di tocoferolo, Ferro, agente lievitante carbonati di sodio, colorante caroteni, Niacina, Acido Pantotenico, Acido Folico, Vitamina B6, Riboflavina. Può contenere FRUTTA A GUSCIO.",,https://www.savethefoods.it/wp-content/uploads/2026/09/WhatsApp-Image-2025-06-25-at-15.06.24-1.jpeg,descrizione,Valori nutrizionali (per 100 g) : – Energia: 1662 kJ / 395 kcal – Grassi: 9.9 g – di cui saturi: 4.5 g – Carboidrati: 69.2 g – di cui zuccheri: 19.4 g – Proteine: 6.9 g – Fibre: 4.9 g – Sale: 0.48 g,2026-10-01T19:15:04+02:00
Nestlé Fitness Crunchy Caramel 4×23.5gr.,https://www.savethefoods.it/prodotto/nestle-fitness-crunchy-caramel-4x23-5gr-2/,Caffè Colazione e Dolci,True,4 disponibili,2.29,2.99,23,Preferibilmente Entro 30/06/2027,100 g,387.0,,8.6,,2.9,,69.9,,24.1,,6.4,,6.7,,0.5,,1.65375,1.73127,1.34375,34.47783,": Frumento integrale 17,7% Sciroppo di glucosio Cioccolato al latte 14% (zucchero, latte scremato in polvere, burro di cacao, pasta di cacao, grasso del latte anidro, emulsionanti lecitine di soia – poliricinoleato di poliglicerolo, aromi naturali) Riso 12,5% Fiocchi di avena integrale 8,9% Farina di frumento integrale 8,5% Zucchero Umidificanti glicerolo – sciroppo di sorbitolo Sciroppo di zucchero invertito Malto d’orzo Olio vegetale (girasole) Carbonato di calcio Farina di riso 0,6% Sale Estratto di malto d’orzo (orzo, malto d’orzo) Semola di mais 0,5% Latte concentrato zuccherato (latte, zucchero) Burro Emulsionante lecitine di girasole Panna in polvere Aromi naturali Melassa Ferro Antiossidante estratto ricco di tocoferolo Colorante caroteni Vitamine niacina Acido pantotenico Vitamina B6 Acido folico Riboflavina Può contenere FRUTTA A GUSCIO.",,https://www.savethefoods.it/wp-content/uploads/2026/09/WhatsApp-Image-2025-03-25-at-16.43.01-1.jpeg,descrizione,Valori nutrizionali (per 100 g) : – Energia: 1629 kJ / 387 kcal – Grassi: 8.6 g – di cui saturi: 2.9 g – Carboidrati: 69.9 g – di cui zuccheri: 24.1 g – Proteine: 6.4 g – Fibre: 6.7 g – Sale: 0.50 g,2026-10-01T19:15:04+02:00
Nuova Terra Fagioli Cannellini kg.1,https://www.savethefoods.it/prodotto/nuova-terra-fagioli-cannellini-kg-1-2/,Le Novità | Sughi e scatolame,True,75 disponibili,2.49,3.19,22,Preferibilmente Entro 30/11/2026,100 g,325.0,,1.6,,0.0,,45.5,,2.9,,23.4,,17.6,,0.01,,7.2,5.41538,0.06838,6.37363,"fagioli cannellini Può contenere glutine, sesamo, sedano, solfiti e soia",,https://www.savethefoods.it/wp-content/uploads/2026/09/WhatsApp-Image-2025-07-08-at-13.00.32.jpeg,descrizione,Valori nutrizionali (per 100 g) : – Energia: 1371 kJ / 325 kcal – Grassi: 1.6 g – di cui saturi: 0.0 g – Carboidrati: 45.5 g – di cui zuccheri: 2.9 g – Proteine: 23.4 g – Fibre: 17.6 g – Sale: 0.01 g,2026-10-01T19:15:07+02:00
Nuova Terra Fave Spezzate gr.500,https://www.savethefoods.it/prodotto/nuova-terra-fave-spezzate-gr-500/,Le Novità | Sughi e scatolame,True,80 disponibili,2.29,2.99,23,Preferibilmente Entro 31/05/2027,100 g,345.0,,3.1,,0.7,,66.9,,0.8,,9.4,,5.7,,0.01,,2.72464,1.65217,0.32979,1.19581,fave decorticate spezzate,,https://www.savethefoods.it/wp-content/uploads/2026/09/Nuova-Terra-Fave-Spezzate-gr.500-2.jpeg,descrizione,"Valori nutrizionali (per 100 g) : – Energia: 1457 kJ / 345 kcal – Grassi: 3,1 g – di cui saturi: 0,7 g – Carboidrati: 66,9 g – di cui zuccheri: 0,8 g – Proteine: 9,4 g – Fibre: 5,7 g – Sale: 0,01 g",2026-10-01T19:15:04+02:00
Nuova Terra La Tradizione Zuppa Mugellana con Castagne gr.250,https://www.savethefoods.it/prodotto/nuova-terra-la-tradizione-zuppa-mugellana-con-castagne-gr-250-2/,Le Novità | Pasta Riso e Cereali,True,246 disponibili,1.99,2.99,33,Preferibilmente Entro 28/02/2028,100 g,344.0,,3.3,,0.6,,56.5,,3.9,,15.7,,12.5,,0.01,,4.56395,3.63372,0.21019,6.90265,"Fagioli dall’occhio; castagne 15%; farro perlato; avena decorticata; lenticchie rosse spezzate; cicerchie decorticate; patate; lenticchie rosse. Può contenere tracce di frutta a guscio, sesamo, sedano, solfiti e soia.",,https://www.savethefoods.it/wp-content/uploads/2026/09/Nuova-Terra-La-Tradizione-Zuppa-Mugellana-con-Castagne-gr.250-2.jpeg,descrizione,"Valori nutrizionali (per 100 g) : – Energia: 1450 kJ / 344 kcal – Grassi: 3,3 g – di cui saturi: 0,6 g – Carboidrati: 56,5 g – di cui zuccheri: 3,9 g – Proteine: 15,7 g – Fibre: 12,5 g – Sale: 0,01 g",2026-10-01T19:15:08+02:00
Nuova Terra Piselli Spezzati 100% Italiani gr.500,https://www.savethefoods.it/prodotto/nuova-terra-piselli-spezzati-100-italiani-gr-500/,Le Novità | Sughi e scatolame,True,177 disponibili,1.89,2.09,10,Preferibilmente Entro 30/06/2027,100 g,314.0,,1.8,,0.3,,45.7,,1.6,,20.6,,16.3,,0.01,,6.56051,5.19108,0.08738,3.50109,"piselli verdi spezzati decorticati Può contenere: sesamo, sedano, soia e solfiti.",,https://www.savethefoods.it/wp-content/uploads/2026/09/Nuova-Terra-Piselli-Spezzati-100-Italiani-gr.500.jpeg,descrizione,"Valori nutrizionali (per 100 g) : – Energia: 1324 kJ / 314 kcal – Grassi: 1,8 g – di cui saturi: 0,3 g – Carboidrati: 45.7 g – di cui zuccheri: 1,6 g – Proteine: 20,6 g – Fibre: 16,3 g – Sale: 0,01 g",2026-10-01T19:15:08+02:00
Nuova Terra Semi di Papavero gr.150,https://www.savethefoods.it/prodotto/nuova-terra-semi-di-papavero-gr-150/,Le Novità | Sughi e scatolame,True,52 disponibili,1.99,2.49,20,Preferibilmente Entro 31/05/2027,100 g,525.0,,41.6,,4.5,,28.1,,2.9,,17.9,,19.5,,0.06,,3.40952,3.71429,2.32402,10.32028,"semi di papavero Può contenere tracce di glutine, sesamo, sedano, soia e solfiti",,https://www.savethefoods.it/wp-content/uploads/2026/09/Nuova-Terra-Semi-di-Papavero-gr.150.jpeg,descrizione,"Valori nutrizionali (per 100 g) : – Energia: 2196 kJ / 525 kcal – Grassi: 41,6 g – di cui saturi: 4,5 g – Carboidrati: 28,1 g – di cui zuccheri: 2,9 g – Proteine: 17,9 g – Fibre: 19,5 g– Sale: 0,06 g",2026-10-01T19:15:04+02:00
Nuova Terra Sorgo Biologico gr.300,https://www.savethefoods.it/prodotto/nuova-terra-sorgo-biologico-gr-300/,Biologici | Le Novità | Sughi e scatolame,True,3 disponibili,1.99,2.38,16,Preferibilmente Entro 31/05/2027,100 g,345.0,,3.1,,0.7,,66.9,,0.8,,9.4,,5.7,,0.01,,2.72464,1.65217,0.32979,1.19581,sorgo*. *da agricoltura Biologica,,https://www.savethefoods.it/wp-content/uploads/2026/09/Nuova-Terra-Sorgo-Biologico-gr.300-2.jpeg,descrizione,"Valori nutrizionali (per 100 g) : – Energia: 1457 kJ / 345 kcal – Grassi: 3,1 g – di cui saturi: 0,7 g – Carboidrati: 66,9 g – di cui zuccheri: 0,8 g – Proteine: 9,4 g – Fibre: 5,7 g – Sale: 0,01 g",2026-10-01T19:15:04+02:00
Nuova Terra Zuppa di Riso e Lenticchie Senza Glutine gr.200,https://www.savethefoods.it/prodotto/nuova-terra-zuppa-di-riso-e-lenticchie-senza-glutine-gr-200/,Le Novità | Senza Glutine | Sughi e scatolame,True,312 disponibili,1.49,1.99,25,Preferibilmente Entro 30/06/2027,100 g,340.0,,2.6,,0.5,,59.3,,1.2,,14.7,,10.5,,0.04,,4.32353,3.08824,0.17687,2.02361,"riso integrale 56%, lenticchie verdi 22%, lenticchie rosse decorticate 22%. Può contenere tracce di soia.",,https://www.savethefoods.it/wp-content/uploads/2026/09/Nuova-Terra-Zuppa-di-Riso-e-Lenticchie-Senza-Glutine-gr.200.jpeg,descrizione,"Valori nutrizionali (per 100 g) : – Energia: 1438 kJ / 340 kcal – Grassi: 2,6 g – di cui saturi: 0,5 g – Carboidrati: 59,3 g – di cui zuccheri: 1,2 g – Proteine: 14,7 g – Fibre: 10,5 g – Sale: 0,04 g",2026-10-01T19:15:08+02:00
Nutracentis Conchiglie Mais Bianco e Spirulina Biologica Senza glutine gr.250,https://www.savethefoods.it/prodotto/nutracentis-conchiglie-mais-bianco-e-spirulina-biologica-senza-glutine-gr-250/,Biologici | Le Novità | Pasta Riso e Cereali | Senza Glutine | Vegani,True,172 disponibili,1.99,4.1,51,Preferibilmente Entro 10/10/2026,100 g,366.0,,2.5,,1.0,,75.0,,0.4,,9.9,,3.3,,0.12,,2.70492,0.90164,0.25253,0.53333,farina di mais bianco 95%* spirulina in polvere 5%*. *ingredienti da agricoltura biologica. Prodotto Certificato Biologico ICEA,,https://www.savethefoods.it/wp-content/uploads/2026/09/WhatsApp-Image-2025-11-12-at-17.32.45.jpeg,descrizione,Valori nutrizionali (per 100 g) : – Energia: 1553 kJ / 366 kcal – Grassi: 2.5 g – di cui saturi: 1.0 g – Carboidrati: 75 g – di cui zuccheri: 0.4 g – Proteine: 9.9 g – Fibre: 3.3 g – Sale: 0.12 g – Ferro: 2.9 mg*1.04,2026-10-01T19:15:02+02:00
Paneangeli Fecola di Patate gr.250,https://www.savethefoods.it/prodotto/paneangeli-fecola-di-patate-gr-250-2/,Sughi e scatolame,True,3 disponibili,1.49,1.69,12,Preferibilmente Entro 24/01/2029,100 g,320.0,,0.0,,0.0,,80.0,,0.0,,0.0,,,,0.06,,0.0,,,0.0,Fecola di patate. Può contenere GRANO.,,https://www.savethefoods.it/wp-content/uploads/2026/09/Paneangeli-Fecola-di-Patate-gr.250.jpg,descrizione,Valori nutrizionali (per 100 g) : – Energia: 1360 kJ / 320 kcal – Grassi: 0 g – di cui saturi: 0 g – Carboidrati: 80 g – di cui zuccheri: 0 g – Proteine: 0 g – Sale: 0.06 g,2026-10-01T19:15:01+02:00
Paneangeli Frumina gr.250,https://www.savethefoods.it/prodotto/paneangeli-frumina-gr-250/,Sughi e scatolame,True,17 disponibili,1.49,1.69,12,Preferibilmente Entro 27/05/2028,100 g,354.0,,0.0,,0.0,,88.0,,0.0,,0.0,,,,0.03,,0.0,,,0.0,"Amido di frumento ( GRANO ). Può contenere latte, uova, frutta a guscio, soia",,https://www.savethefoods.it/wp-content/uploads/2026/09/WhatsApp-Image-2025-04-24-at-13.05.07.jpeg,descrizione,Valori nutrizionali (per 100 g) : – Energia: 1503 kJ / 354 kcal – Grassi: 0 g – di cui saturi: 0 g – Carboidrati: 88 g – di cui zuccheri: 0 g – Proteine: 0 g – Sale: 0.03 g,2026-10-01T19:15:02+02:00
Paneangeli Mastro Fornaio Lievito di Birra 3x7gr.,https://www.savethefoods.it/prodotto/paneangeli-mastro-fornaio-lievito-di-birra-3x7gr/,Sughi e scatolame,True,11 disponibili,1.29,1.49,13,Preferibilmente Entro 23/05/2028,,,,,,,,,,,,,,,,,,,,,,Lievito disidratato Emulsionante: monostearato di sorbitano,,https://www.savethefoods.it/wp-content/uploads/2026/09/WhatsApp-Image-2025-04-01-at-16.34.28-1.jpeg,,,2026-10-01T19:15:02+02:00
Paneangeli Tortagel 3 Buste gr.42,https://www.savethefoods.it/prodotto/paneangeli-tortagel-3-buste-gr-42-2/,Caffè Colazione e Dolci,True,7 disponibili,1.69,1.89,11,Preferibilmente Entro 27/01/2029,100 g,78.0,,0.0,,0.0,,19.0,,16.0,,0.0,,,,0.02,,0.0,,,84.21053,"Zucchero, amido di tapioca, gelificante (carragenina), acidificante (tartrati di potassio), stabilizzante (cloruro di potassio). Può contenere GRANO, LATTE, UOVA, FRUTTA A GUSCIO, SOIA. Senza ingredienti di origine animale.",,https://www.savethefoods.it/wp-content/uploads/2026/09/Paneangeli-Tortagel-3-Buste-gr.42-2.jpg,descrizione,Valori nutrizionali (per 100 g) : – Energia: 331 kJ / 78 kcal – Grassi: 0 g – di cui saturi: 0 g – Carboidrati: 19 g – di cui zuccheri: 16 g – Proteine: 0 g – Sale: 0.02 g,2026-10-01T19:15:01+02:00
Paneangeli Zucchero a Velo gr.125,https://www.savethefoods.it/prodotto/paneangeli-zucchero-a-velo-gr-125/,Caffè Colazione e Dolci,True,38 disponibili,0.99,1.25,21,Preferibilmente Entro 15/07/2028,100 g,400.0,,0.0,,0.0,,100.0,,97.0,,0.0,,,,0.0,,0.0,,,97.0,"zucchero, amido di mais Può contenere Grano, Latte, Uova, Frutta",,https://www.savethefoods.it/wp-content/uploads/2026/09/Paneangeli-Zucchero-a-Velo-gr.125-1.jpg,descrizione,Valori nutrizionali (per 100 g) : – Energia: 1700 kJ / 400 kcal – Grassi: 0 g – di cui saturi: 0 g – Carboidrati: 100 g – di cui zuccheri: 97 g – Proteine: 0 g – Sale: 0 g,2026-10-01T19:15:01+02:00
Paneangeli Zucchero a Velo Spargitore gr.200,https://www.savethefoods.it/prodotto/paneangeli-zucchero-a-velo-spargitore-gr-200/,Caffè Colazione e Dolci,True,15 disponibili,2.49,3.49,29,Preferibilmente Entro 31/03/2029,100 g,400.0,,0.0,,0.0,,100.0,,97.0,,0.0,,,,0.0,,0.0,,,97.0,"zucchero, amido di mais Può contenere Grano, Latte, Uova, Frutta",,https://www.savethefoods.it/wp-content/uploads/2026/09/WhatsApp-Image-2025-12-02-at-16.59.16-1.jpeg,descrizione,Valori nutrizionali (per 100 g) : – Energia: 1700 kJ / 400 kcal – Grassi: 0 g – di cui saturi: 0 g – Carboidrati: 100 g – di cui zuccheri: 97 g – Proteine: 0 g – Sale: 0 g,2026-10-01T19:15:02+02:00
Paneangeli Zucchero a Velo Vanigliato gr.125,https://www.savethefoods.it/prodotto/paneangeli-zucchero-a-velo-vanigliato-gr-125/,Caffè Colazione e Dolci,True,6 disponibili,0.99,1.25,21,Preferibilmente Entro 08/07/2028,100 g,400.0,,0.0,,0.0,,100.0,,97.0,,0.0,,,,0.0,,0.0,,,97.0,"Zucchero, amido di mais, aroma Può contenere Grano, Latte, Uova, Frutta",,https://www.savethefoods.it/wp-content/uploads/2026/09/WhatsApp-Image-2025-04-14-at-15.13.52-1.jpeg,descrizione,Valori nutrizionali (per 100 g) : – Energia: 1700 kJ / 400 kcal – Grassi: 0 g – di cui saturi: 0 g – Carboidrati: 100 g – di cui zuccheri: 97 g – Proteine: 0 g – Sale: 0 g,2026-10-01T19:15:02+02:00
Pasta Natura Conchiglie con Farina di Grano Saraceno Senza Glutine gr.250,https://www.savethefoods.it/prodotto/pasta-natura-conchiglie-con-farina-di-grano-saraceno-senza-glutine-gr-250-2/,Le Novità | Pasta Riso e Cereali | Senza Glutine,True,378 disponibili,1.99,2.9,31,Preferibilmente Entro 03/10/2027,100 g,360.0,,3.3,,1.3,,67.0,,1.0,,13.0,,5.3,,0.0,,3.61111,1.47222,0.25385,1.49254,100% farina di grano saraceno integrale. Può contenere soia,,https://www.savethefoods.it/wp-content/uploads/2026/09/WhatsApp-Image-2025-09-01-at-16.44.48-1.jpeg,descrizione,Valori nutrizionali (per 100 g) : – Energia: 1525 kJ / 360 kcal – Grassi: 3.3 g – di cui saturi: 1.3 g – Carboidrati: 67 g – di cui zuccheri: 1.0 g – Proteine: 13 g – Fibre: 5.3 g – Sale: 0.0 g,2026-10-01T19:15:05+02:00
Pasta Natura Farina per Polenta Bianca Biologica gr.500,https://www.savethefoods.it/prodotto/pasta-natura-farina-per-polenta-bianca-biologica-gr-500-2/,Biologici | Farine e Snack Salati | Le Novità,True,172 disponibili,1.49,3.9,62,Preferibilmente Entro 09/10/2026,100 g,346.0,,1.0,,0.5,,76.0,,0.5,,7.0,,2.5,,0.01,,2.02312,0.72254,0.14286,0.65789,farina di mais bianco*. *Da agricoltura biologica Può contenere soia,,https://www.savethefoods.it/wp-content/uploads/2026/09/Pasta-Natura-Farina-per-Polenta-Bianca-Biologica-gr.500.jpeg,descrizione,"Valori nutrizionali (per 100 g) : – Energia: 1468 kJ / 346 kcal – Grassi: 1,0 g – di cui saturi: 0,5 g – Carboidrati: 76 g – di cui zuccheri: 0,5 g – Proteine: 7,0 g – Fibre: 2,5 g – Sale: 0,01 g",2026-10-01T19:15:04+02:00
Pasta Natura Risoni con Farina di Ceci Biologici Senza Glutine gr.250,https://www.savethefoods.it/prodotto/pasta-natura-risoni-con-farina-di-ceci-biologici-senza-glutine-gr-250/,Biologici | Pasta Riso e Cereali | Senza Glutine | Vegani,True,32 disponibili,1.99,2.7,26,Preferibilmente Entro 12/09/2027,100 g,347.0,,4.1,,0.8,,60.0,,2.1,,15.0,,5.1,,0.02,,4.32277,1.46974,0.27333,3.5,"50% farina di ceci*, farina di mais*, farina di riso*. * da agricoltura biologica Può contenere soia",,https://www.savethefoods.it/wp-content/uploads/2026/09/Pasta-Natura-Risoni-con-Farina-di-Ceci-Biologici-Senza-Glutine-gr.250-4.png,descrizione,"Valori nutrizionali (per 100 g) : – Energia: 1468 kJ / 347 kcal – Grassi: 4,1 g – di cui saturi: 0,8 g – Carboidrati: 60 g – di cui zuccheri: 2,1 g – Proteine: 15 g – Fibre: 5,1 g – Sale: 0.02 g",2026-10-01T19:15:02+02:00
Pasta Natura Risoni con Farina di Lenticchie Rosse Biologica Senza Glutine gr.250,https://www.savethefoods.it/prodotto/pasta-natura-risoni-con-farina-di-lenticchie-rosse-biologica-senza-glutine-gr-250-2/,Biologici | Le Novità | Pasta Riso e Cereali | Senza Glutine | Vegani,True,84 disponibili,2.29,3.2,28,Preferibilmente Entro 12/09/2027,100 g,312.0,,1.8,,0.4,,49.0,,1.4,,22.0,,6.0,,0.01,,7.05128,1.92308,0.08182,2.85714,farina di lenticchie rosse* 100%. *da agricoltura biologica Può contenere soia,,https://www.savethefoods.it/wp-content/uploads/2026/09/WhatsApp-Image-2025-09-01-at-13.37.30-3.jpeg,descrizione,Valori nutrizionali (per 100 g) : – Energia: 1322 kJ / 312 kcal – Grassi: 1.8 g – di cui saturi: 0.4 g – Carboidrati: 49 g – di cui zuccheri: 1.4 g – Proteine: 22 g – Fibre: 6.0 g – Sale: 0.01 g,2026-10-01T19:15:02+02:00
Pasta Natura Risoni con Farina di Piselli Biologica Senza Glutine gr.250,https://www.savethefoods.it/prodotto/pasta-natura-risoni-con-farina-di-piselli-biologica-senza-glutine-gr-250-2/,Biologici | Le Novità | Pasta Riso e Cereali | Senza Glutine | Vegani,True,97 disponibili,1.99,2.9,31,Preferibilmente Entro 12/09/2027,100 g,346.0,,1.4,,0.4,,57.0,,3.5,,23.0,,7.0,,0.01,,6.6474,2.02312,0.06087,6.14035,100% farina di piselli*. *da agricoltura biologica Può contenere soia.,,https://www.savethefoods.it/wp-content/uploads/2026/09/WhatsApp-Image-2025-09-01-at-15.31.03-2.jpeg,descrizione,Valori nutrizionali (per 100 g) : – Energia: 1464 kJ / 346 kcal – Grassi: 1.4 g – di cui saturi: 0.4 g – Carboidrati: 57 g – di cui zuccheri: 3.5 g – Proteine: 23 g – Fibre: 7.0 g – Sale: 0.01 g,2026-10-01T19:15:02+02:00
Pavesi Ringo Cacao gr.55,https://www.savethefoods.it/prodotto/pavesi-ringo-cacao-gr-55/,Caffè Colazione e Dolci,True,50 disponibili,0.69,0.98,30,Preferibilmente Entro 19/01/2027,100 g,493.0,,22.0,,4.6,,66.0,,28.0,,6.0,,3.5,,0.45,,1.21704,0.70994,3.66667,42.42424,"Biscotti (73%*): farina di frumento, zucchero, olio di girasole, amido di frumento, cacao magro 1,8%*, sciroppo di glucosio, siero di latte in polvere, sale, agenti lievitanti (carbonato acido di sodio, carbonato acido di ammonio), aroma. Crema (27%*): zucchero, grasso e olio vegetali non idrogenati (cacao, girasole), cacao magro 2,6%*, amido di frumento, nocciole, aromi . *Percentuali espresse sul prodotto finito Può contenere tracce di altra frutta a guscio, senape, soia e uova",,https://www.savethefoods.it/wp-content/uploads/2026/09/WhatsApp-Image-2025-01-29-at-14.48.08-1.jpeg,descrizione,Valori nutrizionali (per 100 g) : – Energia: 2066 kJ / 493 kcal – Grassi: 22 g – di cui saturi: 4.6 g – Carboidrati: 66 g – di cui zuccheri: 28 g – Proteine: 6.0 g – Fibre: 3.5 g – Sale: 0.45 g,2026-10-01T19:15:02+02:00
Pavesi Ringo Vaniglia gr.55,https://www.savethefoods.it/prodotto/pavesi-ringo-vaniglia-gr-55/,Caffè Colazione e Dolci,True,91 disponibili,0.69,0.98,30,Preferibilmente Entro 19/01/2027,100 g,494.0,,22.0,,4.5,,67.0,,29.0,,5.5,,3.0,,0.4,,1.11336,0.60729,4.0,43.28358,"Biscotti (73%*): farina di frumento, zucchero, olio di girasole, amido di frumento, cacao magro 1,8%*, sciroppo di glucosio, siero di latte in polvere, sale, agenti lievitanti (carbonato acido di sodio, carbonato acido d’ammonio), aroma vanillina 0,03%* Crema (27%*): grasso e olio vegetali non idrogenati (cacao, girasole), zucchero, destrosio, siero di latte in polvere, amido di frumento, aroma vanillina 0,01%* *Percentuali espresse sul prodotto finito Può contenere tracce di altra frutta a guscio, senape, soia e uova",,https://www.savethefoods.it/wp-content/uploads/2026/09/WhatsApp-Image-2025-01-29-at-14.38.13-3.jpeg,descrizione,Valori nutrizionali (per 100 g) : – Energia: 2071 kJ / 494 kcal – Grassi: 22 g – di cui saturi: 4.5 g – Carboidrati: 67 g – di cui zuccheri: 29 g – Proteine: 5.5 g – Fibre: 3.0 g – Sale: 0.40 g,2026-10-01T19:15:02+02:00
Pralina Preparato per Pasta e Fagioli gr.340,https://www.savethefoods.it/prodotto/pralina-preparato-per-pasta-e-fagioli-gr-340/,Le Novità | Sughi e scatolame,True,183 disponibili,1.99,4.9,59,Preferibilmente Entro 05/05/2027,100 g,74.0,,3.1,,0.5,,7.6,,0.7,,2.6,,2.5,,0.6,,3.51351,3.37838,1.19231,9.21053,"Acqua, fagioli cannellini, polpa fine di pomodoro, olio di oliva, cipolla, amido di riso, sedano, carote, sale, vino bianco (solfiti), timo, pepe nero, alloro .",,https://www.savethefoods.it/wp-content/uploads/2026/09/WhatsApp-Image-2026-03-17-at-16.44.00.jpeg,descrizione,"Valori nutrizionali (per 100 g) : – Energia: 310 kJ / 74 kcal – Grassi: 3,1 g – di cui saturi: 0,5 g – Carboidrati: 7,6 g – di cui zuccheri: 0,7 g – Proteine: 2,6 g – Fibre: 2,5 g – Sale: 0,6 g",2026-10-01T19:15:02+02:00
Probios Avena Cookie con Caramello Salato Biologico Senza Glutine gr.40,https://www.savethefoods.it/prodotto/probios-avena-cookie-con-caramello-salato-biologico-senza-glutine-gr-40/,Biologici | Caffè Colazione e Dolci | Le Novità | Senza Glutine | Vegani,True,110 disponibili,0.99,2.07,52,Preferibilmente Entro 13/12/2026,100 g,474.0,,19.0,,13.0,,66.0,,22.0,,3.4,,1.4,,1.4,,0.7173,0.29536,5.58824,33.33333,"*farina integrale di AVENA senza glutine 31,2%, *zucchero di canna, *olio di cocco, *fiocchi di AVENA senza glutine 9,1%, *farina di riso,*olio di semi di girasole, * caramello 1,7%., (*zucchero di canna, *sciroppo di glucosio), sale 1,06%, aroma naturale di caramello, agenti lievitanti: bicarbonato di sodio, bicarbonato di ammonio.*Biologico Può contenere tracce di soia e frutta a guscio.",,https://www.savethefoods.it/wp-content/uploads/2026/09/Probios-Avena-Cookie-con-Caramello-Salato-Biologico-Senza-Glutine-gr.40-2-1.jpeg,descrizione,"Valori nutrizionali (per 100 g) : – Energia: 1988 kJ / 474 kcal – Grassi: 19 g – di cui saturi: 13 g – Carboidrati: 66 g – di cui zuccheri: 22 g – Proteine: 3,4 g – Fibre: 1,4 g – Sale: 1,40 g",2026-10-01T19:15:07+02:00
Probios Avena Cookie con Gocce di Cioccolato Biologico Senza Glutine gr.40,https://www.savethefoods.it/prodotto/probios-avena-cookie-con-gocce-di-cioccolato-biologico-senza-glutine-gr-40-2/,Biologici | Caffè Colazione e Dolci | Le Novità | Senza Glutine | Vegani,True,187 disponibili,0.89,2.07,57,Preferibilmente Entro 19/11/2026,100 g,352.0,,19.0,,12.0,,42.0,,21.0,,3.0,,2.0,,0.4,,0.85227,0.56818,6.33333,50.0,"*farina integrale di AVENA senza glutine 29,4%, *zucchero di canna, *gocce di cioccolato15,8% (*zucchero di canna, *pasta di cacao, *burro di cacao, emulsionante: *lecitina di SOIA, *aroma naturale vaniglia), *olio di cocco, *farina di riso, *olio di semi di girasole, sale, *aroma naturale di cacao, agenti lievitanti: bicarbonato di sodio, bicarbonato di ammonio. *biologico. Può contenere tracce di frutta a guscio",,https://www.savethefoods.it/wp-content/uploads/2026/09/WhatsApp-Image-2025-10-13-at-15.49.57-1.jpeg,tabella,Nutrienti Per 100 g Energia 1474 kJ / 352 kcal Grassi 19 g di cui saturi 12 g Carboidrati 42 g di cui zuccheri 21 g Proteine 3 g Fibre 2 g Sale 0.40 g,2026-10-01T19:15:05+02:00
Probios Avena Cookies con Caramello Salato Biologico Senza Glutine,https://www.savethefoods.it/prodotto/probios-avena-cookies-con-caramello-salato-biologico-senza-glutine/,Biologici | Vegani,True,97 disponibili,0.99,1.99,50,Preferibilmente Entro 24/10/2026,100 g,21.0,,1.0,,2.0,,12.0,,1.0,,2.0,,1.0,,2.0,,,,,,"*farina integrale di AVENA senza glutine 31,2%, *zucchero di canna, *olio di cocco, *fiocchi di AVENA senza glutine 9,1%, *farina di riso,*olio di semi di girasole, * caramello 1,7%., (*zucchero di canna, *sciroppo di glucosio), sale 1,06%, aroma naturale di caramello, agenti lievitanti: bicarbonato di sodio, bicarbonato di ammonio.*Biologico",Dato del sito incoerente: grassi_saturi_g > grassi_g | Energia in kJ e kcal discordante sul sito,https://www.savethefoods.it/wp-content/uploads/2026/09/Probios-Avena-Cookie-con-Caramello-Salato-Biologico-Senza-Glutine-gr.40-2.jpeg,tabella,Nutrienti Per 100 g Energia 1222 kJ / 21 kcal Grassi 1 g di cui saturi 2 g Carboidrati 12 g di cui zuccheri 1 g Proteine 2 g Fibre 1 g Sale 2 g,2026-10-01T19:15:01+02:00
Probios Base per Pizza Senza Glutine Biologica 2x165gr.,https://www.savethefoods.it/prodotto/probios-base-per-pizza-senza-glutine-biologica-2x165gr/,Biologici | Farine e Snack Salati | Le Novità | Senza Glutine | Vegani,True,84 disponibili,1.49,7.26,79,Preferibilmente Entro 08/10/2026,100 g,308.0,,11.0,,1.5,,50.0,,0.1,,1.5,,2.8,,1.0,,0.48701,0.90909,7.33333,0.2,"acqua, *amido di mais, *fecola di patate, *farina di riso, *olio di semi di girasole 5%,*olio extra vergine di oliva 4%, *amido di tapioca, *destrosio, addensante: *gomma di guar, lievito (Saccharomyces Cerevisiae), fibre vegetali (*fibra di mela, *fibra di semi di psillio Plantago psyllium), sale, agenti lievitanti (tartrato monopotassico, carbonato acido di sodio, *amido di mais), *farina di grano saraceno, *aroma naturale di oliva. *biologico",,https://www.savethefoods.it/wp-content/uploads/2026/09/WhatsApp-Image-2025-09-24-at-14.39.05.jpeg,tabella,Nutrienti Per 100 g Energia 1294 kJ / 308 kcal Grassi 11 g di cui saturi 1.5 g Carboidrati 50 g di cui zuccheri 0.10 g Proteine 1.5 g Fibre 2.8 g Sale 1 g,2026-10-01T19:15:02+02:00
Probios Bevanda di Riso alla Nocciola lt.1,https://www.savethefoods.it/prodotto/probios-bevanda-di-riso-alla-nocciola-lt-1-2/,Biologici | Latte e Bevande Vegetali | Le Novità | Senza Glutine | Vegani,True,149 disponibili,1.69,3.64,54,Preferibilmente Entro 07/11/2026,100 g,67.0,,2.6,,0.3,,10.0,,5.0,,0.8,,,,0.1,,1.19403,,3.25,50.0,"acqua, *riso 14%, *NOCCIOLE in pasta 3%, *olio di semi di girasole, sale marino. *biologico Può contenere tracce di frutta a guscio",,https://www.savethefoods.it/wp-content/uploads/2026/09/WhatsApp-Image-2025-09-26-at-09.36.40-2.jpeg,descrizione,Valori nutrizionali (per 100 g) : – Energia: 280 kJ / 67 kcal – Grassi: 2.6 g – di cui saturi: 0.3 g – Carboidrati: 10 g – di cui zuccheri: 5 g – Proteine: 0.8 g – Sale: 0.10 g,2026-10-01T19:15:07+02:00
Probios Biscotti BisFree Dark con Gocce di Cioccolato Biologico gr.250,https://www.savethefoods.it/prodotto/probios-biscotti-bisfree-dark-con-gocce-di-cioccolato-biologico-gr-250-3/,Biologici | Caffè Colazione e Dolci | Le Novità | Senza Glutine | Vegani,True,59 disponibili,2.99,5.09,41,Preferibilmente Entro 13/12/2026,100 g,380.0,,16.0,,2.6,,52.0,,19.0,,4.6,,4.6,,0.2,,1.21053,1.21053,3.47826,36.53846,"*farina di mais, *zucchero di canna, *olio di semi di girasole altoleico, *farina di AVENA integrale 5%, *gocce di cioccolato 5% (*zucchero di canna, *pasta di cacao, *burro di cacao, emulsionante: *lecitina di SOIA, *aroma naturale di vaniglia), *cacao in polvere 4.5% (*cacao magro in polvere, correttore di acidità: carbonato di potassio), *farina di semi di lino, *amido di mais, agente lievitante: bicarbonato di sodio, sale, aroma naturale di cacao, aroma naturale di NOCCIOLA. *biologico. Può contenere tracce di frutta a guscio",,https://www.savethefoods.it/wp-content/uploads/2026/09/Probios-Biscotti-BisFree-Dark-con-Gocce-di-Cioccolato-Biologico-gr.250.png,descrizione,Valori nutrizionali (per 100 g) : – Energia: 1591 kJ / 380 kcal – Grassi: 16 g – di cui saturi: 2.6 g – Carboidrati: 52 g – di cui zuccheri: 19 g – Proteine: 4.6 g – Fibre: 4.6 g – Sale: 0.20 g,2026-10-01T19:15:07+02:00
Probios Biscotti di Riso Solubili Biologici Senza Glutine gr.120,https://www.savethefoods.it/prodotto/probios-biscotti-di-riso-solubili-biologici-senza-glutine-gr-120/,Biologici | Caffè Colazione e Dolci | Le Novità | Senza Glutine,True,80 disponibili,1.99,4.67,57,Preferibilmente Entro 10/11/2026,100 g,403.0,,7.5,,1.1,,69.0,,18.0,,14.0,,,,0.43,,3.47395,,0.53571,26.08696,"*farina di riso 35.2%, *misto d' UOVO categoria A, *zucchero di canna, *farina di MANDORLE, agente lievitante: bicarbonato di sodio, aroma naturale di vaniglia. *biologico Può contenere tracce di soia e frutta a guscio",,https://www.savethefoods.it/wp-content/uploads/2026/09/WhatsApp-Image-2025-11-07-at-19.42.14-2.jpeg,tabella,Nutrienti Per 100 g Energia 1687 kJ / 403 kcal Grassi 7.5 g di cui saturi 1.1 g Carboidrati 69 g di cui zuccheri 18 g Proteine 14 g Sale 0.43 g,2026-10-01T19:15:03+02:00
Probios Biscotti Vegan Con Gocce di Cioccolato Biologico gr.250,https://www.savethefoods.it/prodotto/probios-biscotti-vegan-con-gocce-di-cioccolato-biologico-gr-250-2/,Biologici | Caffè Colazione e Dolci | Le Novità | Vegani,True,65 disponibili,1.69,4.15,59,Preferibilmente Entro 12/10/2026,100 g,434.0,,14.0,,3.3,,68.0,,24.0,,6.6,,,,0.5,,1.52074,,2.12121,35.29412,"*farina di GRANO 34%, *zucchero di canna, *farina di riso, *olio di semi di girasole, *gocce di cioccolato 7% (*pasta di cacao, *zucchero di canna, *burro di cacao, emulsionante: *lecitina di girasole), *cruschello di GRANO 5%, *fecola di patate, *succo concentrato di datteri, *olio di karite, addensante:’*gomma arabica, agenti lievitanti (carbonati di ammonio, tartrati di potassio, carbonati di sodio), *riso germogliato, sale, aroma naturale di vaniglia, antiossidante: *estratti di rosmarino. *biologico. Può contenere tracce di soia, frutta a guscio e senape.",,https://www.savethefoods.it/wp-content/uploads/2026/09/Probios-Biscotti-Vegan-Con-Gocce-di-Cioccolato-Biologico-gr.250-4.jpeg,descrizione,"Valori nutrizionali (per 100 g) : – Energia: 1823 kJ / 434 kcal – Grassi: 14 g – di cui saturi: 3,3 g – Carboidrati: 68 g – di cui zuccheri: 24 g – Proteine: 6,6 g – Sale: 0,50 g",2026-10-01T19:15:07+02:00
Probios Biscuits con Crema al Latte Biologico Senza Glutine 4x24gr.,https://www.savethefoods.it/prodotto/probios-biscuits-con-crema-al-latte-biologico-senza-glutine-4x24gr/,Biologici | Caffè Colazione e Dolci | Le Novità | Senza Glutine,True,154 disponibili,0.99,3.63,73,Preferibilmente Entro 30/11/2026,100 g,449.0,,20.0,,3.4,,62.0,,27.0,,4.8,,1.5,,0.1,,,,,,"Biscotto 67%: *amido di mais, *farina di riso, *olio di semi di girasole, *zucchero di canna, *farina di mais, *sciroppo di glucosio, *amido di tapioca, *UOVA, *ALBUME D'UOVO, *cacao in polvere 3%, *amido di riso, *miele, *inulina d'agave. Crema di farcitura 33%: *zucchero di canna, *LATTE in polvere 23%, *olio di semi di girasole, *burro di cacao, *amido di mais, emulsionante: *lecitina di girasole. *biologico Può contenere tracce di arachidi, soia e frutta a guscio.",Energia in kJ e kcal discordante sul sito,https://www.savethefoods.it/wp-content/uploads/2026/09/WhatsApp-Image-2025-10-01-at-15.21.15-2.jpeg,tabella,Nutrienti Per 100 g Energia 1181 kJ / 449 kcal Grassi 20 g di cui saturi 3.4 g Carboidrati 62 g di cui zuccheri 27 g Proteine 4.8 g Fibre 1.5 g Sale 0.10 g,2026-10-01T19:15:05+02:00
Probios Crema Vegetale da Cucina di Soia Biologico Senza Glutine ml.200,https://www.savethefoods.it/prodotto/probios-crema-vegetale-da-cucina-di-soia-biologico-senza-glutine-ml-200/,Biologici | Le Novità | Senza Glutine | Sughi e scatolame | Vegani,True,93 disponibili,0.69,1.35,49,Preferibilmente Entro 12/11/2026,100 g,214.0,,21.0,,2.4,,3.5,,1.0,,2.5,,0.5,,0.1,,1.16822,0.23364,8.4,28.57143,"acqua, *olio di semi di girasole, *SOIA 6%, *maltodestrine da mais, addensanti (gomma di xanthan, *gomma di guar, carragenina), *proteina di piselli, sale. marino. *biologico",,https://www.savethefoods.it/wp-content/uploads/2026/10/Screenshot_20261001-100835-Photoroom.webp,tabella,Nutrienti Per 100 g Energia 883 kJ / 214 kcal Grassi 21 g di cui saturi 2.4 g Carboidrati 3.5 g di cui zuccheri 1 g Proteine 2.5 g Fibre 0.50 g Sale 0.10 g,2026-10-01T19:15:08+02:00
Probios Crispy Crackers di Riso e Mais Biologico Senza Glutine gr.120,https://www.savethefoods.it/prodotto/probios-crispy-crackers-di-riso-e-mais-biologico-senza-glutine-gr-120-2/,Biologici | Farine e Snack Salati | Le Novità | Senza Glutine,True,76 disponibili,1.19,2.55,53,Preferibilmente Entro 04/11/2026,100 g,464.0,,19.0,,2.1,,59.0,,3.9,,11.0,,6.8,,0.02,,2.37069,1.46552,1.72727,6.61017,"*farina di riso 50%, *farina di mais 49%, sale marino. *biologico",,https://www.savethefoods.it/wp-content/uploads/2026/09/WhatsApp-Image-2025-10-01-at-16.02.58-2.jpeg,descrizione,Valori nutrizionali (per 100 g) : – Energia: 1946 kJ / 464 kcal – Grassi: 19 g – di cui saturi: 2.10 g – Carboidrati: 59 g – di cui zuccheri: 3.9 g – Proteine: 11.0 g – Fibre: 6.8 g – Sale: 0.02 g,2026-10-01T19:15:07+02:00
Probios Crostatina con Grano Saraceno e Albicocca Biologica Senza Lattosio gr.200,https://www.savethefoods.it/prodotto/probios-crostatina-con-grano-saraceno-e-albicocca-biologica-senza-lattosio-gr-200-2/,Biologici | Caffè Colazione e Dolci | Senza Glutine,True,94 disponibili,1.49,5.04,70,Preferibilmente Entro 10/11/2026,100 g,378.0,,10.0,,3.0,,68.0,,30.0,,2.9,,2.4,,0.6,,0.7672,0.63492,3.44828,44.11765,"*confettura di albicocca 30% (*zucchero di canna, *purea di albicocca 35%, gelificante: pectine, correttore di acidità: acido citrico), *farina di grano saraceno 13%, *farina di riso, *fecola di patate, *zucchero di canna,*olio di semi di girasole, *sciroppo di glucosio-fruttosio da mais, *amido di mais, *UOVA, *farina di ceci, *fibra di mela, agenti lievitanti (tartrati di potassio, carbonati di sodio, carbonati di ammonio), sale, *amido di riso, *aroma naturale di vaniglia, addensante: *gomma di guar. *biologico. Può contenere tracce di Soia e Senape",,https://www.savethefoods.it/wp-content/uploads/2026/09/WhatsApp-Image-2025-09-24-at-15.31.54.jpeg,tabella,Nutrienti Per 100 g Energia 1595 kJ / 378 kcal Grassi 10 g di cui saturi 3 g Carboidrati 68 g di cui zuccheri 30 g Proteine 2.9 g Fibre 2.4 g Sale 0.60 g,2026-10-01T19:15:02+02:00
Probios Datterini Interi Rossi e Gialli Nickel Free Biologico gr.300,https://www.savethefoods.it/prodotto/probios-datterini-interi-rossi-e-gialli-nickel-free-biologico-gr-300/,Biologici | Le Novità | Sughi e scatolame,True,10 disponibili,1.99,3.63,45,Preferibilmente Entro 31/12/2026,100 g,46.0,,0.5,,,,0.7,,0.7,,1.3,,,,1.6,,2.82609,,0.38462,100.0,"*pomodori datterini, acqua, sale. *biologico",,https://www.savethefoods.it/wp-content/uploads/2026/09/WhatsApp-Image-2026-01-16-at-15.39.08-2.jpeg,descrizione,"Valori nutrizionali (per 100 g) : – Energia: 196 kJ / 46 kcal – Grassi: 0,50 g – Carboidrati: 0,70 g – di cui zuccheri: 0,70 g – Proteine: 1,3 g – Sale: 1,6 g",2026-10-01T19:15:02+02:00
Probios Farro Delizia al Mirtilli Biologico gr.180,https://www.savethefoods.it/prodotto/probios-farro-delizia-al-mirtilli-biologico-gr-180/,Biologici | Caffè Colazione e Dolci | Le Novità,True,64 disponibili,1.99,3.56,44,Preferibilmente Entro 04/11/2026,100 g,383.0,,9.5,,1.3,,70.0,,32.0,,2.8,,3.2,,0.15,,0.73107,0.83551,3.39286,45.71429,"*preparazione alla frutta con mirtillo 30% (*sciroppo di glucosio-fruttosio da mais, *purea di mela, *purea di mirtilli 23%, gelificante: pectina, correttore di acidità: acido citrico), *farina integrale di GRANO FARRO 25%, *amido di GRANO, *sciroppo di glucosio-fruttosio da mais, *olio di semi di girasole, *burro di cacao, emulsionante: *lecitina di girasole, *succo di limone, *aroma naturale mirtillo, addensante: *gomma di acacia, agente lievitante: carbonato di sodio. *Biologico. Può contenere tracce di soia e senape",,https://www.savethefoods.it/wp-content/uploads/2026/09/WhatsApp-Image-2025-05-23-at-16.29.52-2.jpeg,descrizione,Valori nutrizionali (per 100 g) : – Energia: 1615 kJ / 383 kcal – Grassi: 9.5 g – di cui saturi: 1.3 g – Carboidrati: 70 g – di cui zuccheri: 32 g – Proteine: 2.8 g – Fibre: 3.2 g – Sale: 0.15 g,2026-10-01T19:15:07+02:00
Probios Fusilli 100% Piselli Verdi Biologico Senza Glutine gr.250,https://www.savethefoods.it/prodotto/probios-fusilli-100-piselli-verdi-biologico-senza-glutine-gr-250/,Biologici | Le Novità | Pasta Riso e Cereali | Senza Glutine,True,351 disponibili,1.29,3.14,59,Preferibilmente Entro 13/01/2027,,,,,,,,,,,,,,,,,,,,,,*farina di piselli verdi. *biologico.,,https://www.savethefoods.it/wp-content/uploads/2026/09/Probios-Fusilli-100-Piselli-Verdi-Biologico-Senza-Glutine-gr.250.jpeg,,,2026-10-01T19:15:04+02:00
Probios Fusilli Integrali Biologici 100% Italia gr.500,https://www.savethefoods.it/prodotto/probios-fusilli-integrali-biologici-100-italia-gr-500-2/,Biologici | Le Novità | Pasta Riso e Cereali,True,232 disponibili,0.99,1.72,42,Preferibilmente Entro 17/01/2027,100 g,357.0,,2.5,,0.6,,67.0,,3.6,,12.0,,9.2,,0.01,,3.36134,2.57703,0.20833,5.37313,*semola integrale di GRANO duro.*biologico,,https://www.savethefoods.it/wp-content/uploads/2026/09/WhatsApp-Image-2025-06-09-at-15.18.32-3.jpeg,descrizione,Valori nutrizionali (per 100 g) : – Energia: 1509 kJ / 357 kcal – Grassi: 2.5 g – di cui saturi: 0.6 g – Carboidrati: 67 g – di cui zuccheri: 3.6 g – Proteine: 12 g – Fibre: 9.2 g – Sale: 0.01 g,2026-10-01T19:15:04+02:00
Probios Granola Avena Mandorle e Mela Senza Zuccheri Aggiunti Biologico gr.250,https://www.savethefoods.it/prodotto/probios-granola-avena-mandorle-e-mela-senza-zuccheri-aggiunti-biologico-gr-250-2/,Biologici | Caffè Colazione e Dolci | Le Novità | Senza Glutine | Vegani,True,49 disponibili,2.99,5.19,42,Preferibilmente Entro 20/12/2026,100 g,464.0,,19.0,,2.1,,59.0,,3.9,,11.0,,6.8,,0.02,,2.37069,1.46552,1.72727,6.61017,"*fiocchi di AVENA 45%, edulcorante: *eritritolo, *semi di girasole tostati, *olio di semi di girasole, *amido di mais, *granella di MANDORLA 1%, *fibra di lino, *fibra di mela 1%, aroma naturale di MANDORLA 0,5%, aroma naturale di mela 0,5%. *biologico Può contenere tracce di soia e frutta a guscio.",,https://www.savethefoods.it/wp-content/uploads/2026/09/WhatsApp-Image-2025-10-01-at-15.40.34-3.jpeg,descrizione,Valori nutrizionali (per 100 g) : – Energia: 1946 kJ / 464 kcal – Grassi: 19 g – di cui saturi: 2.10 g – Carboidrati: 59 g – di cui zuccheri: 3.9 g – Proteine: 11.0 g – Fibre: 6.8 g – Sale: 0.02 g,2026-10-01T19:15:07+02:00
Probios Lenticchie Verdi Grandi Biologiche kg.5,https://www.savethefoods.it/prodotto/probios-lenticchie-verdi-grandi-biologiche-kg-5-2/,Biologici | Le Novità | Pasta Riso e Cereali,True,10 disponibili,14.9,39.0,62,Preferibilmente Entro 03/10/2026,100 g,332.0,,1.0,,0.14,,51.1,,1.8,,22.7,,13.8,,0.02,,6.83735,4.15663,0.04405,3.5225,"*lenticchie verdi (Lens esculenta sbp. macrosperma). *biologico Può contenere tracce di Cereali contenenti glutine: grano, segale, orzo, avena, farro, grano Khorasan Kamut Frutta a guscio Semi di sesamo",,https://www.savethefoods.it/wp-content/uploads/2026/09/Probios-Lenticchie-Verdi-Grandi-Biologiche-kg.5-2.jpeg,descrizione,"Valori nutrizionali (per 100 g) : – Energia: 1402 kJ / 332 kcal – Grassi: 1 g – di cui saturi: 0,14 g – Carboidrati: 51,1 g – di cui zuccheri: 1,8 g – Proteine: 22,7 g – Fibre: 13,8 g – Sale: 0,02 g",2026-10-01T19:15:07+02:00
Probios Mini Baguette con Semi Senza Glutine Biologica 2x100gr.,https://www.savethefoods.it/prodotto/probios-mini-baguette-con-semi-senza-glutine-biologica-2x100gr-2/,Biologici | Farine e Snack Salati | Le Novità | Senza Glutine,True,40 disponibili,1.49,4.98,70,Preferibilmente Entro 23/10/2026,100 g,287.0,,9.9,,1.0,,37.0,,3.4,,8.5,,8.5,,1.3,,2.96167,2.96167,1.16471,9.18919,"acqua, *amido di mais, *miscela senza glutine per panificazione di lievitati [*buccia di semi di psyllium, *amido di riso, *proteina di piselli, *zucchero di canna, sale, addensanti: gomma di xanthan e *gomma di guar; *farina di grano saraceno, *lievito (Sacharomyces cerevisie)], *semi di girasole 10,2%, *pasta madre di riso 9,1% (*farina di riso 50%, acqua), *farina di riso 9,1%, *semi di lino scuri 7,3%, *semi di lino dorati 2,4%, *sciroppo di riso, *farina di quinoa, *fiocchi di miglio, *farina di miglio, *farina di carruba, *olio di semi di girasole, *semi di chia (Salvia hispanica) 0,9%, *quinoa 0,9%. *biologico Può contenere tracce di soia, frutta a guscio e semi di sesamo.",,https://www.savethefoods.it/wp-content/uploads/2026/09/WhatsApp-Image-2025-07-02-at-14.56.20.jpeg,descrizione,Valori nutrizionali (per 100 g) : – Energia: 1202 kJ / 287 kcal – Grassi: 9.9 g – di cui saturi: 1.0 g – Carboidrati: 37 g – di cui zuccheri: 3.4 g – Proteine: 8.5 g – Fibre: 8.5 g – Sale: 1.3 g,2026-10-01T19:15:07+02:00
Probios Muffin al Limone Senza Zuccheri Aggiunti Biologico gr.160,https://www.savethefoods.it/prodotto/probios-muffin-al-limone-senza-zuccheri-aggiunti-biologico-gr-160/,Biologici | Caffè Colazione e Dolci | Le Novità | Vegani,True,89 disponibili,1.99,3.42,42,Preferibilmente Entro 12/11/2026,100 g,339.0,,14.0,,1.3,,53.0,,3.6,,4.0,,1.7,,0.1,,1.17994,0.50147,3.5,6.79245,"*bevanda al riso (acqua, *riso 17%, *olio di semi di girasole, *olio di semi di cartamo, sale marino), *farina di GRANO tenero, *olio di semi di girasole, edulcorante: *eritritolo, *amido di mais, agenti lievitanti (tartrato monopotassico, carbonato acido di sodio), addensante: *gomma di guar, aroma naturale di limone, sale marino. *biologico.",,https://www.savethefoods.it/wp-content/uploads/2026/09/Probios-Muffin-al-Limone-Senza-Zuccheri-Aggiunti-Biologico-gr.160.jpeg,tabella,Nutrienti Per 100 g Energia 1418 kJ / 339 kcal Grassi 14 g di cui saturi 1.3 g Carboidrati 53 g di cui zuccheri 3.6 g Proteine 4 g Fibre 1.7 g Sale 0.10 g,2026-10-01T19:15:04+02:00
Probios Nuts & Bio Cookies Crema Spalmabile gr.300,https://www.savethefoods.it/prodotto/probios-nuts-bio-cookies-crema-spalmabile-gr-300/,Biologici | Caffè Colazione e Dolci | Le Novità | Senza Glutine,True,113 disponibili,2.99,7.27,59,Preferibilmente Entro 30/11/2026,100 g,512.0,,27.0,,4.9,,58.0,,52.0,,7.3,,4.3,,0.15,,,,,,"*zucchero di canna, *PASTA DI NOCCIOLA 16%, *olio semi di girasole, *biscotto croccante 7,5% (*farina di riso, *olio di semi di girasole, *zucchero di canna, *farina di AVENA, *farina di grano saraceno, *fecola di patate, *inulina d'agave, *sciroppo d'agave, agente lievitante: bicarbonato di sodio), *LATTE SCREMATO IN POLVERE, *cacao magro in polvere 6%, *burro di cacao, *emulsionante: lecitina di girasole, *estratto di vaniglia. *Biologico.",Energia in kJ e kcal discordante sul sito,https://www.savethefoods.it/wp-content/uploads/2026/09/Probios-Nuts-Bio-Cookies-gr.300-3.jpeg,tabella,Nutrienti Per 100 g Energia 2414 kJ / 512 kcal Grassi 27 g di cui saturi 4.9 g Carboidrati 58 g di cui zuccheri 52 g Proteine 7.3 g Fibre 4.3 g Sale 0.15 g,2026-10-01T19:15:05+02:00
Probios Pane a Fette Biologico Senza Glutine gr.250,https://www.savethefoods.it/prodotto/probios-pane-a-fette-biologico-senza-glutine-gr-250-2/,Biologici | Farine e Snack Salati | Le Novità,True,85 disponibili,1.99,4.15,52,Preferibilmente Entro 05/11/2026,100 g,212.0,,3.3,,0.3,,36.0,,1.3,,4.8,,9.1,,1.3,,2.26415,4.29245,0.6875,3.61111,"*pasta madre di riso 41,7% (*farina di riso 50%, acqua), acqua, *amido di mais, *miscela senza glutine per panificazione di lievitati [addensanti: gomma di xanthan, *gomma di guar; *proteina di piselli, *lievito (Sacharomyces cerevisie), *zucchero di canna, *fibre vegetali (*psyllium, *mela, *patata), *farina di grano saraceno, *amido di riso], *farina di riso 4,4%, *sciroppo di riso, *olio di semi di girasole, sale. *biologico Può contenere tracce di soia, frutta a guscio e semi di sesamo.",,https://www.savethefoods.it/wp-content/uploads/2026/09/Probios-Pane-a-Fette-Biologico-Senza-Glutine-gr.250-2.jpeg,descrizione,"Valori nutrizionali (per 100 g) : – Energia: 892 kJ / 212 kcal – Grassi: 3,3 g – di cui saturi: 0,30 g – Carboidrati: 36 g – di cui zuccheri: 1,3 g – Proteine: 4,8 g – Fibre: 9,1 g – Sale: 1,3g",2026-10-01T19:15:07+02:00
Probios Panini Con Fiocchi di Avena Integrale Biologico Senza Glutine gr.180,https://www.savethefoods.it/prodotto/probios-panini-con-fiocchi-di-avena-integrale-biologico-senza-glutine-gr-180/,Biologici | Farine e Snack Salati | Le Novità | Senza Glutine,True,111 disponibili,1.19,4.15,71,Preferibilmente Entro 10/10/2026,100 g,253.0,,3.6,,0.5,,49.0,,4.6,,5.1,,1.5,,1.58,,2.01581,0.59289,0.70588,9.38776,"acqua, *amido di mais , *lievito di pasta madre di riso 20%( *farina di riso, acqua) , *fiocchi di AVENA 4,3%, * sciroppo di riso, *fibra di psillio, *amido di riso, *farina di miglio, *olio di semi di girasole, *proteina di piselli, *farina di quinoa, *zucchero di canna, sale, addensanti:gomma di xantan,*gomma di guar; * farina di grano saraceno, *lievito, *farina di carruba. *biologico. Può contenere tracce di soia, frutta a guscio e semi di sesamo.",,https://www.savethefoods.it/wp-content/uploads/2026/09/WhatsApp-Image-2025-11-07-at-16.25.47.jpeg,descrizione,Valori nutrizionali (per 100 g) : – Energia: 1068 kJ / 253 kcal – Grassi: 3.60 g – di cui saturi: 0.50g – Carboidrati: 49 g – di cui zuccheri: 4.6 g – Proteine: 5.10 g – Fibre: 1.50 g – Sale: 1.58 g,2026-10-01T19:15:07+02:00
Probios Passata di Pomodoro Giallo Nickel Free Biologico gr.400,https://www.savethefoods.it/prodotto/probios-passata-di-pomodoro-giallo-nickel-free-biologico-gr-400-2/,Biologici | Le Novità | Sughi e scatolame,True,108 disponibili,1.99,4.15,52,Preferibilmente Entro 31/12/2026,100 g,46.0,,0.5,,,,1.3,,0.7,,1.3,,,,1.6,,2.82609,,0.38462,53.84615,*pomodoro giallo. *biologico.,,https://www.savethefoods.it/wp-content/uploads/2026/09/WhatsApp-Image-2026-01-16-at-15.31.13.jpeg,tabella,Nutrienti Per 100 g Energia 196 kJ / 46 kcal Grassi 0.50 g Carboidrati 1.30 g di cui zuccheri 0.70 g Proteine 1.30 g Sale 1.60 g,2026-10-01T19:15:03+02:00
Probios Penne Rigate Integrali Biologici 100% Italia gr.500,https://www.savethefoods.it/prodotto/probios-penne-rigate-integrali-biologici-100-italia-gr-500/,Biologici | Le Novità | Pasta Riso e Cereali,True,217 disponibili,0.99,1.72,42,Preferibilmente Entro 15/01/2027,100 g,357.0,,2.5,,0.6,,67.0,,3.6,,12.0,,9.2,,0.01,,3.36134,2.57703,0.20833,5.37313,*semola integrale di GRANO duro.*biologico,,https://www.savethefoods.it/wp-content/uploads/2026/09/WhatsApp-Image-2025-06-09-at-15.28.53.jpeg,descrizione,Valori nutrizionali (per 100 g) : – Energia: 1509 kJ / 357 kcal – Grassi: 2.5 g – di cui saturi: 0.6 g – Carboidrati: 67 g – di cui zuccheri: 3.6 g – Proteine: 12 g – Fibre: 9.2 g – Sale: 0.01 g,2026-10-01T19:15:04+02:00
Probios Sandwich Toast ai 3 Semi Senza Glutine Biologico gr.430,https://www.savethefoods.it/prodotto/probios-sandwich-toast-ai-3-semi-senza-glutine-biologico-gr-430/,Biologici | Farine e Snack Salati | Le Novità | Senza Glutine,True,93 disponibili,1.99,6.1,67,Preferibilmente Entro 14/10/2026,100 g,252.0,,6.6,,0.7,,39.0,,3.1,,5.1,,8.3,,1.3,,2.02381,3.29365,1.29412,7.94872,"acqua, *amido di mais, *lievito madre di riso 15,6%(*farina di riso 50%, acqua), *sciroppo di riso, *farina di riso 3,9%, *farina di grano saraceno 3,9%, *semi di lino 3,5%, *semi di girasole 3,5%, *fibra di psyllium, *olio di semi di girasole, *farina di semi di lino, proteina di piselli, *lievito naturale, addensanti: (*gomma di guar, gomma di xanthan) , sale . *biologico. Può contenere tracce di: uova, soia, semi di sesamo e lupini",,https://www.savethefoods.it/wp-content/uploads/2026/09/WhatsApp-Image-2026-03-10-at-15.11.58.jpeg,descrizione,"Valori nutrizionali (per 100 g) : – Energia: 1059 kJ / 252 kcal – Grassi: 6,6 g – di cui saturi: 0,7 g – Carboidrati: 39 g – di cui zuccheri: 3,1 g – Proteine: 5,10 g – Fibre: 8,3 g – Sale: 1,3 g",2026-10-01T19:15:07+02:00
Probios Snack di Riso con Nocciola e Cacao Biologico gr.25,https://www.savethefoods.it/prodotto/probios-snack-di-riso-con-nocciola-e-cacao-biologico-gr-25/,Biologici | Caffè Colazione e Dolci | Le Novità | Senza Glutine,True,88 disponibili,0.69,1.55,55,Preferibilmente Entro 13/11/2026,100 g,468.0,,18.0,,3.9,,67.0,,35.0,,,,7.65,,0.2,,,1.63462,,52.23881,"Ripieno (60%): *zucchero di canna, *olii e *grassi vegetali (*olio di semi di girasole, *burro di cacao) *NOCCIOLE 12%, *cacao magro in polvere 11%, *farina di SOIA, emulsionante: *lecitina di girasole, *aroma naturale di vaniglia. Ingredienti Cialda (40%): *farina di riso 82,3%, *zucchero di canna, sale. *biologico. Può contenere tracce di latte e frutta a guscio.",,https://www.savethefoods.it/wp-content/uploads/2026/09/Probios-Snack-di-Riso-con-Nocciola-e-Cacao-Biologico-gr.25-2.jpeg,tabella,Nutrienti Per 100 g Energia 1963 kJ / 468 kcal Grassi 18 g di cui saturi 3.9 g Carboidrati 67 g di cui zuccheri 35 g Fibre 7.65 g Sale 0.20 g,2026-10-01T19:15:05+02:00
Probios Strudel di Farro con Mirtillo gr.200,https://www.savethefoods.it/prodotto/probios-strudel-di-farro-con-mirtillo-gr-200/,Biologici | Caffè Colazione e Dolci | Le Novità | Vegani,True,93 disponibili,0.99,4.15,76,Preferibilmente Entro 05/10/2026,100 g,424.0,,19.0,,11.0,,57.0,,25.0,,4.8,,,,1.0,,1.13208,,3.95833,43.85965,"preparato con mirtillo 35% (*sciroppo di glucosio-fruttosio da mais, *mirtilli 23%, *amido di mais, gelificante: pectina, correttore di acidità: acido citrico, *aroma naturale di mirtillo), *farina di GRANO FARRO 34%, *olio di karitè, *olio di semi di girasole, sale, *aroma naturale di vaniglia, antiossidante: *estratto di rosmarino. *biologico. Può contenere tracce di soia e senape.",,https://www.savethefoods.it/wp-content/uploads/2026/09/WhatsApp-Image-2025-09-24-at-15.57.57-1.jpeg,tabella,Nutrienti Per 100 g Energia 1776 kJ / 424 kcal Grassi 19 g di cui saturi 11 g Carboidrati 57 g di cui zuccheri 25 g Proteine 4.8 g Sale 1 g,2026-10-01T19:15:05+02:00
Probios Sugo all’Arrabbiata Nickel Free Biologico gr.200,https://www.savethefoods.it/prodotto/probios-sugo-allarrabbiata-nickel-free-biologico-gr-200/,Biologici | Le Novità | Sughi e scatolame,True,34 disponibili,3.49,4.67,25,Preferibilmente Entro 31/12/2026,100 g,46.0,,4.5,,0.6,,4.3,,2.3,,2.6,,,,1.2,,5.65217,,1.73077,53.48837,"*passata di pomodoro 91,8%, *olio extravergine d’oliva, sale, *cipolla, *carota, *peperoncino 0,4%. *biologico",,https://www.savethefoods.it/wp-content/uploads/2026/09/WhatsApp-Image-2026-01-16-at-15.21.04.jpeg,descrizione,"Valori nutrizionali (per 100 g) : – Energia: 194 kJ / 46 kcal – Grassi: 4,5 g – di cui saturi: 0,60 g – Carboidrati: 4,3 g – di cui zuccheri: 2,3 g – Proteine: 2,6g – Sale: 1,2 g",2026-10-01T19:15:02+02:00
Regio Cantina Aglianico del Vulture D.O.C. Biologico cl.75,https://www.savethefoods.it/prodotto/regio-cantina-aglianico-del-vulture-d-o-c-biologico-cl-75/,Biologici | Vini,True,3 disponibili,12.9,14.0,8,,,,,,,,,,,,,,,,,,,,,,,,,https://www.savethefoods.it/wp-content/uploads/2026/09/Regio-Cantina-Genesi-Aglianico-del-Vulture-D.O.C.-Biologico-cl.75-2.jpeg,,,2026-10-01T19:15:03+02:00
Rio Mare Trancetti di Tonno all’Olio di Oliva gr.65,https://www.savethefoods.it/prodotto/rio-mare-trancetti-di-tonno-allolio-di-oliva-gr-65-3/,Sughi e scatolame,True,121 disponibili,1.69,1.99,15,Preferibilmente Entro 17/11/2029,100 g,221.0,,13.0,,2.2,,0.0,,0.0,,26.0,,,,1.1,,11.76471,,0.5,,"tonno, olio di oliva e sale.",,https://www.savethefoods.it/wp-content/uploads/2026/09/rio-mare-trancetti-di-tonno-gr65.png,descrizione,Valori nutrizionali (per 100 g): – Energia: 923 kJ / 221 kcal – Grassi: 13 g – di cui saturi: 2.2 g – Carboidrati: 0 g – di cui zuccheri: 0 g – Proteine: 26 g – Sale: 1.1 g,2026-10-01T19:15:06+02:00
Riso Secco di Konjac Biologico Slendier 2x100gr,https://www.savethefoods.it/prodotto/riso-secco-di-konjac-biologico-slendier-2x100gr-2/,Biologici | Le Novità | Pasta Riso e Cereali | Senza Glutine,True,30 disponibili,5.49,13.42,59,Preferibilmente Entro 03/12/2026,100 g,64.0,,0.0,,0.0,,13.0,,0.0,,0.0,,5.5,,0.0,,0.0,8.59375,,0.0,"Amido di tapioca biologico, farina di konjac biologica (23%), sciroppo di isomalto-oligosaccaride biologico, acqua, acidificante: acido citrico.",,https://www.savethefoods.it/wp-content/uploads/2026/09/Riso-Secco-di-Konjac-Biologico-Slendier-2x100gr-3.jpeg,descrizione,"Valori nutrizionali (per 100 g di prodotto ): – Energia: 267 kJ / 64 kcal – Grassi: 0 g – di cui saturi: 0 g – Carboidrati: 13 g – di cui zuccheri: 0 g – Fibre: 5,5 g – Proteine: 0 g – Sale: 0 g.",2026-10-01T19:15:06+02:00
Rustichelli Noglut Bignè Senza Glutine Biologico gr.100,https://www.savethefoods.it/prodotto/rustichelli-noglut-bigne-senza-glutine-biologico-gr-100/,Biologici | Caffè Colazione e Dolci | Le Novità | Senza Glutine,True,47 disponibili,1.29,6.23,79,Preferibilmente Entro 11/10/2026,100 g,473.0,,29.0,,3.9,,44.0,,2.5,,8.7,,0.7,,1.7,,1.83932,0.14799,3.33333,5.68182,"*UOVA fresche, *fecola di patate,*acqua, *olio di semi di girasole altoleico, sale, aroma naturale di vaniglia. *biologico",,https://www.savethefoods.it/wp-content/uploads/2026/09/Probios-Noglut-Bigne-Senza-Glutine-Biologico-gr.100-1.png,tabella,Nutrienti Per 100 g Energia 1975 kJ / 473 kcal Grassi 29 g di cui saturi 3.9 g Carboidrati 44 g di cui zuccheri 2.5 g Proteine 8.7 g Fibre 0.70 g Sale 1.70 g,2026-10-01T19:15:02+02:00
SanPancrazio Terre di Sole Malvasia Bianca Salento IGP ml.750,https://www.savethefoods.it/prodotto/sanpancrazio-terre-di-sole-malvasia-bianca-salento-igp-ml-750/,Le Novità | Vini,True,11 disponibili,6.3,8.9,29,,,,,,,,,,,,,,,,,,,,,,,,,https://www.savethefoods.it/wp-content/uploads/2026/09/SanPancrazio-Terre-di-Sole-Malvasia-Bianca-Salento-IGP-ml.750-1.jpeg,,,2026-10-01T19:15:03+02:00
SanPancrazio Terre di Sole Negroamaro Salento IGP ml.750,https://www.savethefoods.it/prodotto/sanpancrazio-terre-di-sole-negroamaro-salento-igp-ml-750/,Le Novità | Vini,True,104 disponibili,6.3,8.9,29,,,,,,,,,,,,,,,,,,,,,,,,,https://www.savethefoods.it/wp-content/uploads/2026/09/SanPancrazio-Terre-di-Sole-Negroamaro-Salento-IGP-ml.750.jpeg,,,2026-10-01T19:15:03+02:00
SanPancrazio Terre di Sole Primitivo Salento IGP ml.750,https://www.savethefoods.it/prodotto/sanpancrazio-terre-di-sole-primitivo-salento-igp-ml-750/,Le Novità | Vini,True,113 disponibili,6.3,8.9,29,,,,,,,,,,,,,,,,,,,,,,,,,https://www.savethefoods.it/wp-content/uploads/2026/09/SanPancrazio-Terre-di-Sole-Primitivo-Salento-IGP-ml.750-1.jpeg,,,2026-10-01T19:15:03+02:00
SanPancrazio Terre di Sole Rosato Negroamaro Salento IGP ml.750,https://www.savethefoods.it/prodotto/sanpancrazio-terre-di-sole-rosato-negroamaro-salento-igp-ml-750/,Le Novità | Vini,True,109 disponibili,6.3,8.9,29,,,,,,,,,,,,,,,,,,,,,,,,,https://www.savethefoods.it/wp-content/uploads/2026/09/SanPancrazio-Terre-di-Sole-Rosato-Negroamaro-Salento-IGP-ml.750.jpeg,,,2026-10-01T19:15:03+02:00
Sapore di Sole Polenta Bramata di Mais Bianco Biologica gr.500,https://www.savethefoods.it/prodotto/sapore-di-sole-polenta-bramata-di-mais-bianco-biologica-gr-500/,Biologici | Farine e Snack Salati | Le Novità,True,32 disponibili,1.49,2.09,29,Preferibilmente Entro 08/10/2026,100 g,350.0,,1.2,,0.3,,75.0,,0.3,,7.7,,3.5,,0.01,<,2.2,1.0,0.15584,0.4,farina di mais bianco bramata*. *Da agricoltura biologica Può contenere soia,,https://www.savethefoods.it/wp-content/uploads/2026/09/Sapore-di-Sole-Polenta-Bramata-di-Mais-Bianco-Biologica-gr.500.jpeg,descrizione,"Valori nutrizionali (per 100 g) : – Energia: 1483 kJ / 350 kcal – Grassi: 1,2 g – di cui saturi: 0,3 g – Carboidrati: 75 g – di cui zuccheri: 0,3 g – Proteine: 7,7 g – Fibre: 3,5 g – Sale: <0,01 g",2026-10-01T19:15:03+02:00
Sapori & Piaceri Bicchierini per Gelato 12 pezzi gr.72,https://www.savethefoods.it/prodotto/sapori-piaceri-bicchierini-per-gelato-12-pezzi-gr-72/,Caffè Colazione e Dolci | Le Novità,True,9 disponibili,0.89,1.79,50,Preferibilmente Entro 07/09/2027,100 g,342.0,,4.7,,3.0,,63.0,,2.5,,10.0,,0.5,,0.4,,2.92398,0.1462,0.47,3.96825,"f arina di frumento, amido di mais, olio di cocco, sciroppo di zucchero invertito, emulsionante:lecitina di soia; regolatore di acidità: ossido di magnesio, agente lievitante: sodio bicarbonato; sale. Può contenere uova, latte.",,https://www.savethefoods.it/wp-content/uploads/2026/09/WhatsApp-Image-2026-07-31-at-15.03.21.jpeg,descrizione,"Valori nutrizionali (per 100 g) : – Energia: 1447 kJ / 342 kcal – Grassi: 4,7 g – di cui saturi: 3,0 g – Carboidrati: 63 g – di cui zuccheri: 2,5 g – Proteine: 10 g – Fibre: 0,5 g – Sale: 0,4 g",2026-10-01T19:15:04+02:00
Tenuta Moraia Apricaia IGT Toscana Rosso 2020 ml.750,https://www.savethefoods.it/prodotto/tenuta-moraia-apricaia-igt-toscana-rosso-2020-ml-750/,Vini,True,6 disponibili,119.0,152.0,22,,,,,,,,,,,,,,,,,,,,,,,,,https://www.savethefoods.it/wp-content/uploads/2026/09/WhatsApp-Image-2025-11-20-at-15.42.27.jpeg,,,2026-10-01T19:15:02+02:00
Tenuta Moraia Il Vanesio Rosato Maremma Toscana D.O.C. Biologico cl.75,https://www.savethefoods.it/prodotto/tenuta-moraia-il-vanesio-rosato-maremma-toscana-d-o-c-biologico-cl-75/,Biologici | Vini,True,6 disponibili,13.9,14.3,3,,,,,,,,,,,,,,,,,,,,,,,,,https://www.savethefoods.it/wp-content/uploads/2026/09/Tenuta-Moraia-Il-Vanesio-Rosato-Maremma-Toscana-D.O.C.-cl.75.jpeg,,,2026-10-01T19:15:07+02:00
Tenuta Moraia Perpiero IGT Toscana Rosso 2020 ml.750,https://www.savethefoods.it/prodotto/tenuta-moraia-perpiero-igt-toscana-rosso-2020-ml-750/,Vini,True,5 disponibili,65.0,78.0,17,,,,,,,,,,,,,,,,,,,,,,,,,https://www.savethefoods.it/wp-content/uploads/2026/09/WhatsApp-Image-2025-11-20-at-15.56.15.jpeg,,,2026-10-01T19:15:02+02:00
Tenute Piccini Martina Vermentino Rosato Toscana I.G.T. cl.75,https://www.savethefoods.it/prodotto/tenute-piccini-martina-vermentino-rosato-toscana-i-g-t-cl-75/,Vini,True,6 disponibili,11.9,12.9,8,,,,,,,,,,,,,,,,,,,,,,,,,https://www.savethefoods.it/wp-content/uploads/2026/09/Tenute-Piccini-Martina-Vermentino-Rosato-Toscana-I.G.T.-cl.75.jpeg,,,2026-10-01T19:15:07+02:00
Tenute Piccini Toscana Collezione Privata Rosato cl.75,https://www.savethefoods.it/prodotto/tenute-piccini-toscana-collezione-privata-rosato-cl-75/,Vini,True,6 disponibili,11.9,13.9,14,,,,,,,,,,,,,,,,,,,,,,,,,https://www.savethefoods.it/wp-content/uploads/2026/09/Tenute-Piccini-Toscana-Collezione-Privata-Rosato-cl.75.jpeg,,,2026-10-01T19:15:07+02:00
Terre Mora Scalunera Etna Rosato DOC 2024 ml.750,https://www.savethefoods.it/prodotto/terre-mora-scalunera-etna-rosato-doc-2024-ml-750/,Vini,True,1 disponibili,14.0,16.0,12,,,,,,,,,,,,,,,,,,,,,,,,,https://www.savethefoods.it/wp-content/uploads/2026/09/Terre-Mora-Scalunera-Etna-Rosato-DOC-2024-ml.750.jpeg,,,2026-10-01T19:15:03+02:00
Trevisan Strudel ai Fichi gr.165,https://www.savethefoods.it/prodotto/trevisan-strudel-ai-fichi-gr-165/,Caffè Colazione e Dolci,True,12 disponibili,1.29,1.49,13,Preferibilmente Entro 28/02/2027,100 g,435.0,,20.1,,9.1,,57.9,,24.5,,4.9,,,,0.057,,,,,,"Biscotto 70%: farina di frumento, margarina vegetale [grassi vegetali parzialmente idrogenati (palma, girasole, colza), acqua, sale, emulsionanti: mono e digliceridi degli acidi grassi; correttore di acidità: acido citrico; aroma burro; conservante: sorbato di potassio], zucchero in polvere, latte scremato in polvere, sciroppo di glucosio, uova in polvere, agente lievitante: bicarbonato di sodio; emulsionante: lecitina di soia; aroma vaniglia. Confettura di fichi 30%: zucchero, frutta 35% (20% fichi, mela 15%), sciroppo di glucosio, addensante: pectina; correttore di acidità: acido citrico; aroma fichi. Può contenere tracce di uova, soia, latte e derivati, sesamo.",Valore non interpretabile: fibre_g,https://www.savethefoods.it/wp-content/uploads/2026/09/Trevisan-Strudel-ai-Fichi-gr.165.jpeg,descrizione,"Valori nutrizionali (per 100 g) : – Energia: 1822 kJ / 435 kcal – Grassi: 20,1 g – di cui saturi: 9,1 g – Carboidrati: 57,9 g – di cui zuccheri: 24,5 g – Proteine: 4,9 g – Fibre: 3,31,2 g – Sale: 0,057 g",2026-10-01T19:15:03+02:00
Tuc Bake Rolls Gusto Aglio e Formaggio gr.150,https://www.savethefoods.it/prodotto/tuc-bake-rolls-gusto-aglio-e-formaggio-gr-150/,Farine e Snack Salati | Le Novità,True,101 disponibili,0.89,1.79,50,Preferibilmente Entro 16/10/2026,100 g,441.0,,15.0,,1.8,,62.0,,3.8,,13.0,,2.8,,1.5,,2.94785,0.63492,1.15385,6.12903,"farina di grano, 13% olio di girasole, glutine di grano, ano, zuc zucchero, 1,5% formaggio Parmigiano Reggiano, sale lodato, lievito, siero di latte permeato (latte), emulsionante (E481), cipolla disidratata. aroma naturale, farina di fave, 0,03% formaggio in polvere, prezzemolo, estratto di lievito, 0,03% aglio in polvere, agente di trattamento della farina (E300, E920), amido di grano, acidificanti (E270, E327). Può contenere: uova, arachidi, frutta a guscio.",,https://www.savethefoods.it/wp-content/uploads/2026/09/Tuc-Bake-Rolls-Gusto-Aglio-e-Formaggio-gr.150.jpeg,descrizione,"Valori nutrizionali (per 100 g) : – Energia: 1853 kJ / 441 kcal – Grassi: 15 g – di cui saturi: 1,8 g – Carboidrati: 62 g – di cui zuccheri: 3,8 g – Proteine: 13 g – Fibre: 2,8 g – Sale: 1,5 g",2026-10-01T19:15:08+02:00
Valle del Crati Confettura Extra di Fichi gr.230,https://www.savethefoods.it/prodotto/valle-del-crati-confettura-extra-di-fichi-gr-230-2/,Caffè Colazione e Dolci | Le Novità,True,116 disponibili,2.99,4.5,34,Preferibilmente Entro 31/12/2027,100 g,155.0,,0.0,,0.0,,37.0,,37.0,,0.6,,2.2,,0.0,,0.3871,1.41935,0.0,100.0,"Fichi freschi della Valle del Crati (76,1%), zucchero. Acidificante : acido citrico.",,https://www.savethefoods.it/wp-content/uploads/2026/09/WhatsApp-Image-2025-06-23-at-15.55.40.jpeg,descrizione,Valori nutrizionali (per 100 g) : – Energia: 657 kJ / 155 kcal – Grassi: 0 g – di cui saturi: 0 g – Carboidrati: 37 g – di cui zuccheri: 37 g – Proteine: 0.6 g – Fibre: 2.2 g – Sale: 0 g,2026-10-01T19:15:03+02:00
Valle del Crati Confettura Extra di Mele gr.200,https://www.savethefoods.it/prodotto/valle-del-crati-confettura-extra-di-mele-gr-200/,Caffè Colazione e Dolci | Le Novità,True,54 disponibili,2.49,3.99,38,Preferibilmente Entro 31/12/2026,100 g,120.0,,0.0,,0.0,,29.0,,29.0,,0.0,,1.8,,0.0,,0.0,1.5,,100.0,"Mela (79.9%), zucchero. Acidificanti: acido citrico.",,https://www.savethefoods.it/wp-content/uploads/2026/09/Valle-del-Crati-Confettura-Extra-di-Mele-gr.200.jpeg,descrizione,"Valori nutrizionali (per 100 g) : – Energia: 507 kJ / 120 kcal – Grassi: 0 g – di cui saturi: 0 g – Carboidrati: 29 g – di cui zuccheri: 29 g – Proteine: 0 g – Fibre: 1,8 g – Sale: 0 g",2026-10-01T19:15:03+02:00
Valle del Crati Crema di Cipolle e Tonno gr.180,https://www.savethefoods.it/prodotto/valle-del-crati-crema-di-cipolle-e-tonno-gr-180/,Le Novità | Sughi e scatolame,True,299 disponibili,2.99,5.6,47,Preferibilmente Entro 31/12/2026,100 g,289.0,,28.0,,4.5,,3.1,,3.1,,5.9,,0.5,,0.01,,2.04152,0.17301,4.74576,100.0,"Pomodori secchi (52,3%), olio di oliva, aglio, origano, sale, aceto di vino. Acidificante: Acido citrico.cipolle rosse (54,8%), olio di oliva, Tonno all’olio di oliva (Tonnetto striato, olio di oliva, sale (PT C215 1P CE). FAO 27 – 34) (18,4%). Acidificanti: Acido citrico, aceto di vino.",,https://www.savethefoods.it/wp-content/uploads/2026/09/Valle-del-Crati-Crema-di-Cipolle-e-Tonno-gr.180-3.jpeg,descrizione,"Valori nutrizionali (per 100 g) : – Energia: 1193 kJ / 289 kcal – Grassi: 28 g – di cui saturi: 4,5 g – Carboidrati: 3,1 g – di cui zuccheri: 3,1 g – Proteine: 5,9 g – Fibre: 0,5 g – Sale: 0,01 g",2026-10-01T19:15:03+02:00
Valle del Crati Crema di Pomodori Secchi gr.90,https://www.savethefoods.it/prodotto/valle-del-crati-crema-di-pomodori-secchi-gr-90/,Le Novità | Sughi e scatolame,True,35 disponibili,2.99,4.6,35,Preferibilmente Entro 31/12/2026,100 g,566.0,,48.0,,7.7,,23.0,,20.0,,7.7,,6.4,,0.58,,1.36042,1.13074,6.23377,86.95652,"Pomodori secchi (52,3%), olio di oliva, aglio, origano, sale, aceto di vino. Acidificante: Acido citrico.",,https://www.savethefoods.it/wp-content/uploads/2026/09/Valle-del-Crati-Crema-di-Pomodori-Secchi-gr.90-3.jpeg,descrizione,"Valori nutrizionali (per 100 g) : – Energia: 2344 kJ / 566 kcal – Grassi: 48 g – di cui saturi: 7,7 g – Carboidrati: 23 g – di cui zuccheri: 20 g – Proteine: 7,7 g – Fibre: 6,4 g – Sale: 0,58 g",2026-10-01T19:15:03+02:00
Valle del Crati Crema di Zucca gr.180,https://www.savethefoods.it/prodotto/valle-del-crati-crema-di-zucca-gr-180/,Le Novità | Sughi e scatolame,True,15 disponibili,2.49,4.2,41,Preferibilmente Entro 31/12/2026,100 g,151.0,,15.0,,2.3,,3.1,,2.1,,1.0,,0.0,,0.34,,0.66225,0.0,15.0,67.74194,"zucca gialla (84,7%), olio di oliva, sale, pepe nero, origano, aglio, aceto di vino, acidificante: acido citrico",,https://www.savethefoods.it/wp-content/uploads/2026/09/WhatsApp-Image-2025-08-04-at-15.33.17.jpeg,descrizione,Valori nutrizionali (per 100 g) : – Energia: 625 kJ / 151 kcal – Grassi: 15 g – di cui saturi: 2.3 g – Carboidrati: 3.1 g – di cui zuccheri: 2.1 g – Proteine: 1.0 g – Fibre: 0 g – Sale: 0.34 g,2026-10-01T19:15:02+02:00
Vivibio Biscotti al Cacao con Gocce di Cioccolato Biologici gr.250,https://www.savethefoods.it/prodotto/vivibio-biscotti-al-cacao-con-gocce-di-cioccolato-biologici-gr-250/,Biologici | Caffè Colazione e Dolci | Le Novità,True,40 disponibili,1.99,3.55,44,Preferibilmente Entro 26/11/2026,100 g,482.0,,21.0,,5.6,,64.0,,26.0,,7.4,,3.5,,0.5,,1.53527,0.72614,2.83784,40.625,"farina di frumento * (51%), zucchero di canna*, gocce di cioccolato* (14%) (zucchero di canna*, pasta di cacao*, burro di cacao*, emulsionante: lecitina di girasole), olio di semi di girasole*, cacao in polvere* (5,5%), sciroppo di riso* (riso*, acqua), agenti lievitanti (carbonati di ammonio, carbonati di sodio), sale. *ingredienti biologici Può contenere tracce di latte , uova , soia e frutta a guscio .",,https://www.savethefoods.it/wp-content/uploads/2026/09/WhatsApp-Image-2024-05-28-at-18.01.20-1.jpeg,descrizione,"Valori nutrizionali (per 100 g) : – Energia: 2019 kJ / 482 kcal – Grassi: 21 g – di cui saturi: 5,6 g – Carboidrati: 64 g – di cui zuccheri: 26 g – Proteine: 7,4 g – Fibre: 3,5 g – Sale: 0,50 g",2026-10-01T19:15:05+02:00
Wasa Fette Croccanti Sesam & Vallkorn gr.27,https://www.savethefoods.it/prodotto/wasa-fette-croccanti-sesam-vallkorn-gr-27/,Farine e Snack Salati,True,62 disponibili,0.69,0.89,22,Preferibilmente Entro 27/01/2027,100 g,396.0,,9.5,,1.2,,59.0,,1.0,,14.0,,9.0,,1.2,,3.53535,2.27273,0.67857,1.69492,"Farina integrale di grano tenero (49%), farina di frumento (39%), semi di sesamo (11%), lievito, olio di girasole, zucchero, sale. Può contenere tracce di latte.",,https://www.savethefoods.it/wp-content/uploads/2026/09/WhatsApp-Image-2025-02-11-at-15.37.59-1.jpeg,descrizione,Valori nutrizionali (per 100 g) : – Energia: 1665 kJ / 396 kcal – Grassi: 9.5 g – di cui saturi: 1.2 g – Carboidrati: 59 g – di cui zuccheri: 1.0 g – Proteine: 14 g – Fibre: 9.0 g – Sale: 1.2 g,2026-10-01T19:15:02+02:00
Whole Earth Burro di Arachidi Cremoso Senza Glutine gr.340,https://www.savethefoods.it/prodotto/whole-earth-burro-di-arachidi-cremoso-senza-glutine-gr-340/,Caffè Colazione e Dolci | Le Novità | Senza Glutine,True,128 disponibili,3.99,4.9,19,Preferibilmente Entro 31/01/2027,100 g,596.0,,46.0,,8.7,,11.6,,5.9,,29.6,,6.8,,0.01,,4.96644,1.14094,1.55405,50.86207,arachidi tostate 100%,,https://www.savethefoods.it/wp-content/uploads/2026/09/Whole-Earth-Burro-di-Arachidi-Cremoso-Senza-Glutine-gr.340.jpeg,descrizione,"Valori nutrizionali (per 100 g) : – Energia: 2470 kJ / 596 kcal – Grassi: 46 g – di cui saturi: 8,7 g – Carboidrati: 11,6 g – di cui zuccheri: 5,9 g – Proteine: 29,6 g – Fibre: 6.8 g – Sale: 0,01 g",2026-10-01T19:15:08+02:00
Zanella Cracker di Monococco Hammurabi all’Arrabbiata gr.150,https://www.savethefoods.it/prodotto/zanella-cracker-di-monococco-hammurabi-allarrabbiata-gr-150/,Farine e Snack Salati | Le Novità,True,26 disponibili,1.99,3.2,38,Preferibilmente Entro 18/11/2026,100 g,467.0,,19.5,,1.7,,51.5,,2.2,,18.2,,,,1.7,,3.89722,,1.07143,4.27184,"Farina integrale di grano di monococco Hammurabi 80%, olio di semi di girasole alto oleico, lievito di birra, sale, semi di sesamo bianco, semi di sesamo nero, cipolla, aglio, peperoncino 0, 4%, olio di semi di vinacciolo, aceto di grano, malto d’orzo, farina di segale integrale, acidificante: acido lattico. Allergeni Contiene: Sesamo, Cereali. Può contenere: Senape, Soia, Lupini",,https://www.savethefoods.it/wp-content/uploads/2026/09/Zanella-Cracker-di-Monococco-Hammurabi-allArrabbiata-gr.150.jpg,descrizione,"Valori nutrizionali (per 100 g) : – Energia: 1954 kJ / 467 kcal – Grassi: 19,5 g – di cui saturi: 1,7 g – Carboidrati: 51,5 g – di cui zuccheri: 2,2 g – Proteine: 18,2 g – Sale: 1,7 g",2026-10-01T19:15:06+02:00
Zanella Cracker Quinoa e Zenzero Biologici gr.150,https://www.savethefoods.it/prodotto/zanella-cracker-quinoa-e-zenzero-biologici-gr-150/,Biologici | Farine e Snack Salati | Le Novità,True,9 disponibili,1.49,2.4,38,Preferibilmente Entro 25/11/2026,100 g,420.0,,12.9,,1.0,,64.7,,2.2,,10.9,,,,1.7,,2.59524,,1.18349,3.40031,"Farina di grano tenero tipo “0” Bio, olio di semi di girasole alto oleico Bio, farina di quinoa Bio 7.5%, zenzero Bio 1,8%, lievito di birra, sale Può contenere tracce di soia e sesamo.",,https://www.savethefoods.it/wp-content/uploads/2026/09/Zanella-Cracker-Quinoa-e-Zenzero-Biologici-gr.150.jpg,descrizione,"Valori nutrizionali (per 100 g) : – Energia: 1758 kJ / 420 kcal – Grassi: 12,9 g – di cui saturi: 1,0 g – Carboidrati: 64,7 g – di cui zuccheri: 2,2 g – Proteine: 10,9 g – Sale: 1,7 g",2026-10-01T19:15:05+02:00
Zii Matì Tarallini Classici gr.40,https://www.savethefoods.it/prodotto/zii-mati-tarallini-classici-gr-40/,Farine e Snack Salati,True,264 disponibili,0.39,0.5,22,Preferibilmente Entro 30/05/2027,100 g,455.0,,18.0,,2.1,,62.0,,0.7,,9.8,,2.5,,2.6,,2.15385,0.54945,1.83673,1.12903,"Farina di GRANO tenero, vino bianco (contiene solfiti), olio di semi di girasole alto oleico, sale, olio extra vergine di oliva. Può contenere soia, semi di sesamo, latte e prodotti derivati, sedano, senape",,https://www.savethefoods.it/wp-content/uploads/2026/09/WhatsApp-Image-2025-11-17-at-15.32.53.jpeg,descrizione,Valori nutrizionali (per 100 g) : – Energia: 1910 kJ / 455 kcal – Grassi: 18 g – di cui saturi: 2.1 g – Carboidrati: 62 g – di cui zuccheri: 0.7 g – Proteine: 9.8 g – Fibre: 2.5 g – Sale: 2.6 g,2026-10-01T19:15:02+02:00
